/*--------------------------------*- C++ -*----------------------------------*\
| =========                 |                                                 |
| \\      /  F ield         | OpenFOAM: The Open Source CFD Toolbox           |
|  \\    /   O peration     | Version:  2606                                  |
|   \\  /    A nd           | Website:  www.openfoam.com                      |
|    \\/     M anipulation  |                                                 |
\*---------------------------------------------------------------------------*/
FoamFile
{
    version     2.0;
    format      ascii;
    arch        "LSB;label=32;scalar=64";
    class       faceList;
    location    "constant/polyMesh";
    object      faces;
}
// * * * * * * * * * * * * * * * * * * * * * * * * * * * * * * * * * * * * * //


5410
(
3(1 77 457)
4(76 456 457 77)
3(2 78 458)
4(77 457 458 78)
3(3 79 459)
4(78 458 459 79)
3(4 80 460)
4(79 459 460 80)
3(5 81 461)
4(80 460 461 81)
3(6 82 462)
4(81 461 462 82)
3(7 83 463)
4(82 462 463 83)
3(8 84 464)
4(83 463 464 84)
3(9 85 465)
4(84 464 465 85)
3(10 86 466)
4(85 465 466 86)
3(11 87 467)
4(86 466 467 87)
3(12 88 468)
4(87 467 468 88)
3(13 89 469)
4(88 468 469 89)
3(14 90 470)
4(89 469 470 90)
3(15 91 471)
4(90 470 471 91)
3(16 92 472)
4(91 471 472 92)
3(17 93 473)
4(92 472 473 93)
3(18 94 474)
4(93 473 474 94)
3(19 95 475)
4(94 474 475 95)
3(20 96 476)
4(95 475 476 96)
3(21 97 477)
4(96 476 477 97)
3(22 98 478)
4(97 477 478 98)
3(23 99 479)
4(98 478 479 99)
3(24 100 480)
4(99 479 480 100)
3(25 101 481)
4(100 480 481 101)
3(26 102 482)
4(101 481 482 102)
3(27 103 483)
4(102 482 483 103)
3(28 104 484)
4(103 483 484 104)
3(29 105 485)
4(104 484 485 105)
3(30 106 486)
4(105 485 486 106)
3(31 107 487)
4(106 486 487 107)
3(32 108 488)
4(107 487 488 108)
3(33 109 489)
4(108 488 489 109)
3(34 110 490)
4(109 489 490 110)
3(35 111 491)
4(110 490 491 111)
3(36 112 492)
4(111 491 492 112)
3(37 113 493)
4(112 492 493 113)
3(38 114 494)
4(113 493 494 114)
3(39 115 495)
4(114 494 495 115)
3(40 116 496)
4(115 495 496 116)
3(41 117 497)
4(116 496 497 117)
3(42 118 498)
4(117 497 498 118)
3(43 119 499)
4(118 498 499 119)
3(44 120 500)
4(119 499 500 120)
3(45 121 501)
4(120 500 501 121)
3(46 122 502)
4(121 501 502 122)
3(47 123 503)
4(122 502 503 123)
3(48 124 504)
4(123 503 504 124)
3(49 125 505)
4(124 504 505 125)
3(50 126 506)
4(125 505 506 126)
3(51 127 507)
4(126 506 507 127)
3(52 128 508)
4(127 507 508 128)
3(53 129 509)
4(128 508 509 129)
3(54 130 510)
4(129 509 510 130)
3(55 131 511)
4(130 510 511 131)
3(56 132 512)
4(131 511 512 132)
3(57 133 513)
4(132 512 513 133)
3(58 134 514)
4(133 513 514 134)
3(59 135 515)
4(134 514 515 135)
3(60 136 516)
4(135 515 516 136)
3(61 137 517)
4(136 516 517 137)
3(62 138 518)
4(137 517 518 138)
3(63 139 519)
4(138 518 519 139)
3(64 140 520)
4(139 519 520 140)
3(65 141 521)
4(140 520 521 141)
3(66 142 522)
4(141 521 522 142)
3(67 143 523)
4(142 522 523 143)
3(68 144 524)
4(143 523 524 144)
3(69 145 525)
4(144 524 525 145)
3(70 146 526)
4(145 525 526 146)
3(71 147 527)
4(146 526 527 147)
3(72 148 528)
4(147 527 528 148)
3(73 149 529)
4(148 528 529 149)
3(74 150 530)
4(149 529 530 150)
4(150 530 531 151)
3(75 151 531)
4(77 153 533 457)
4(152 532 533 153)
4(78 154 534 458)
4(153 533 534 154)
4(79 155 535 459)
4(154 534 535 155)
4(80 156 536 460)
4(155 535 536 156)
4(81 157 537 461)
4(156 536 537 157)
4(82 158 538 462)
4(157 537 538 158)
4(83 159 539 463)
4(158 538 539 159)
4(84 160 540 464)
4(159 539 540 160)
4(85 161 541 465)
4(160 540 541 161)
4(86 162 542 466)
4(161 541 542 162)
4(87 163 543 467)
4(162 542 543 163)
4(88 164 544 468)
4(163 543 544 164)
4(89 165 545 469)
4(164 544 545 165)
4(90 166 546 470)
4(165 545 546 166)
4(91 167 547 471)
4(166 546 547 167)
4(92 168 548 472)
4(167 547 548 168)
4(93 169 549 473)
4(168 548 549 169)
4(94 170 550 474)
4(169 549 550 170)
4(95 171 551 475)
4(170 550 551 171)
4(96 172 552 476)
4(171 551 552 172)
4(97 173 553 477)
4(172 552 553 173)
4(98 174 554 478)
4(173 553 554 174)
4(99 175 555 479)
4(174 554 555 175)
4(100 176 556 480)
4(175 555 556 176)
4(101 177 557 481)
4(176 556 557 177)
4(102 178 558 482)
4(177 557 558 178)
4(103 179 559 483)
4(178 558 559 179)
4(104 180 560 484)
4(179 559 560 180)
4(105 181 561 485)
4(180 560 561 181)
4(106 182 562 486)
4(181 561 562 182)
4(107 183 563 487)
4(182 562 563 183)
4(108 184 564 488)
4(183 563 564 184)
4(109 185 565 489)
4(184 564 565 185)
4(110 186 566 490)
4(185 565 566 186)
4(111 187 567 491)
4(186 566 567 187)
4(112 188 568 492)
4(187 567 568 188)
4(113 189 569 493)
4(188 568 569 189)
4(114 190 570 494)
4(189 569 570 190)
4(115 191 571 495)
4(190 570 571 191)
4(116 192 572 496)
4(191 571 572 192)
4(117 193 573 497)
4(192 572 573 193)
4(118 194 574 498)
4(193 573 574 194)
4(119 195 575 499)
4(194 574 575 195)
4(120 196 576 500)
4(195 575 576 196)
4(121 197 577 501)
4(196 576 577 197)
4(122 198 578 502)
4(197 577 578 198)
4(123 199 579 503)
4(198 578 579 199)
4(124 200 580 504)
4(199 579 580 200)
4(125 201 581 505)
4(200 580 581 201)
4(126 202 582 506)
4(201 581 582 202)
4(127 203 583 507)
4(202 582 583 203)
4(128 204 584 508)
4(203 583 584 204)
4(129 205 585 509)
4(204 584 585 205)
4(130 206 586 510)
4(205 585 586 206)
4(131 207 587 511)
4(206 586 587 207)
4(132 208 588 512)
4(207 587 588 208)
4(133 209 589 513)
4(208 588 589 209)
4(134 210 590 514)
4(209 589 590 210)
4(135 211 591 515)
4(210 590 591 211)
4(136 212 592 516)
4(211 591 592 212)
4(137 213 593 517)
4(212 592 593 213)
4(138 214 594 518)
4(213 593 594 214)
4(139 215 595 519)
4(214 594 595 215)
4(140 216 596 520)
4(215 595 596 216)
4(141 217 597 521)
4(216 596 597 217)
4(142 218 598 522)
4(217 597 598 218)
4(143 219 599 523)
4(218 598 599 219)
4(144 220 600 524)
4(219 599 600 220)
4(145 221 601 525)
4(220 600 601 221)
4(146 222 602 526)
4(221 601 602 222)
4(147 223 603 527)
4(222 602 603 223)
4(148 224 604 528)
4(223 603 604 224)
4(149 225 605 529)
4(224 604 605 225)
4(150 226 606 530)
4(225 605 606 226)
4(226 606 607 227)
4(151 227 607 531)
4(153 229 609 533)
4(228 608 609 229)
4(154 230 610 534)
4(229 609 610 230)
4(155 231 611 535)
4(230 610 611 231)
4(156 232 612 536)
4(231 611 612 232)
4(157 233 613 537)
4(232 612 613 233)
4(158 234 614 538)
4(233 613 614 234)
4(159 235 615 539)
4(234 614 615 235)
4(160 236 616 540)
4(235 615 616 236)
4(161 237 617 541)
4(236 616 617 237)
4(162 238 618 542)
4(237 617 618 238)
4(163 239 619 543)
4(238 618 619 239)
4(164 240 620 544)
4(239 619 620 240)
4(165 241 621 545)
4(240 620 621 241)
4(166 242 622 546)
4(241 621 622 242)
4(167 243 623 547)
4(242 622 623 243)
4(168 244 624 548)
4(243 623 624 244)
4(169 245 625 549)
4(244 624 625 245)
4(170 246 626 550)
4(245 625 626 246)
4(171 247 627 551)
4(246 626 627 247)
4(172 248 628 552)
4(247 627 628 248)
4(173 249 629 553)
4(248 628 629 249)
4(174 250 630 554)
4(249 629 630 250)
4(175 251 631 555)
4(250 630 631 251)
4(176 252 632 556)
4(251 631 632 252)
4(177 253 633 557)
4(252 632 633 253)
4(178 254 634 558)
4(253 633 634 254)
4(179 255 635 559)
4(254 634 635 255)
4(180 256 636 560)
4(255 635 636 256)
4(181 257 637 561)
4(256 636 637 257)
4(182 258 638 562)
4(257 637 638 258)
4(183 259 639 563)
4(258 638 639 259)
4(184 260 640 564)
4(259 639 640 260)
4(185 261 641 565)
4(260 640 641 261)
4(186 262 642 566)
4(261 641 642 262)
4(187 263 643 567)
4(262 642 643 263)
4(188 264 644 568)
4(263 643 644 264)
4(189 265 645 569)
4(264 644 645 265)
4(190 266 646 570)
4(265 645 646 266)
4(191 267 647 571)
4(266 646 647 267)
4(192 268 648 572)
4(267 647 648 268)
4(193 269 649 573)
4(268 648 649 269)
4(194 270 650 574)
4(269 649 650 270)
4(195 271 651 575)
4(270 650 651 271)
4(196 272 652 576)
4(271 651 652 272)
4(197 273 653 577)
4(272 652 653 273)
4(198 274 654 578)
4(273 653 654 274)
4(199 275 655 579)
4(274 654 655 275)
4(200 276 656 580)
4(275 655 656 276)
4(201 277 657 581)
4(276 656 657 277)
4(202 278 658 582)
4(277 657 658 278)
4(203 279 659 583)
4(278 658 659 279)
4(204 280 660 584)
4(279 659 660 280)
4(205 281 661 585)
4(280 660 661 281)
4(206 282 662 586)
4(281 661 662 282)
4(207 283 663 587)
4(282 662 663 283)
4(208 284 664 588)
4(283 663 664 284)
4(209 285 665 589)
4(284 664 665 285)
4(210 286 666 590)
4(285 665 666 286)
4(211 287 667 591)
4(286 666 667 287)
4(212 288 668 592)
4(287 667 668 288)
4(213 289 669 593)
4(288 668 669 289)
4(214 290 670 594)
4(289 669 670 290)
4(215 291 671 595)
4(290 670 671 291)
4(216 292 672 596)
4(291 671 672 292)
4(217 293 673 597)
4(292 672 673 293)
4(218 294 674 598)
4(293 673 674 294)
4(219 295 675 599)
4(294 674 675 295)
4(220 296 676 600)
4(295 675 676 296)
4(221 297 677 601)
4(296 676 677 297)
4(222 298 678 602)
4(297 677 678 298)
4(223 299 679 603)
4(298 678 679 299)
4(224 300 680 604)
4(299 679 680 300)
4(225 301 681 605)
4(300 680 681 301)
4(226 302 682 606)
4(301 681 682 302)
4(302 682 683 303)
4(227 303 683 607)
4(229 305 685 609)
4(304 684 685 305)
4(230 306 686 610)
4(305 685 686 306)
4(231 307 687 611)
4(306 686 687 307)
4(232 308 688 612)
4(307 687 688 308)
4(233 309 689 613)
4(308 688 689 309)
4(234 310 690 614)
4(309 689 690 310)
4(235 311 691 615)
4(310 690 691 311)
4(236 312 692 616)
4(311 691 692 312)
4(237 313 693 617)
4(312 692 693 313)
4(238 314 694 618)
4(313 693 694 314)
4(239 315 695 619)
4(314 694 695 315)
4(240 316 696 620)
4(315 695 696 316)
4(241 317 697 621)
4(316 696 697 317)
4(242 318 698 622)
4(317 697 698 318)
4(243 319 699 623)
4(318 698 699 319)
4(244 320 700 624)
4(319 699 700 320)
4(245 321 701 625)
4(320 700 701 321)
4(246 322 702 626)
4(321 701 702 322)
4(247 323 703 627)
4(322 702 703 323)
4(248 324 704 628)
4(323 703 704 324)
4(249 325 705 629)
4(324 704 705 325)
4(250 326 706 630)
4(325 705 706 326)
4(251 327 707 631)
4(326 706 707 327)
4(252 328 708 632)
4(327 707 708 328)
4(253 329 709 633)
4(328 708 709 329)
4(254 330 710 634)
4(329 709 710 330)
4(255 331 711 635)
4(330 710 711 331)
4(256 332 712 636)
4(331 711 712 332)
4(257 333 713 637)
4(332 712 713 333)
4(258 334 714 638)
4(333 713 714 334)
4(259 335 715 639)
4(334 714 715 335)
4(260 336 716 640)
4(335 715 716 336)
4(261 337 717 641)
4(336 716 717 337)
4(262 338 718 642)
4(337 717 718 338)
4(263 339 719 643)
4(338 718 719 339)
4(264 340 720 644)
4(339 719 720 340)
4(265 341 721 645)
4(340 720 721 341)
4(266 342 722 646)
4(341 721 722 342)
4(267 343 723 647)
4(342 722 723 343)
4(268 344 724 648)
4(343 723 724 344)
4(269 345 725 649)
4(344 724 725 345)
4(270 346 726 650)
4(345 725 726 346)
4(271 347 727 651)
4(346 726 727 347)
4(272 348 728 652)
4(347 727 728 348)
4(273 349 729 653)
4(348 728 729 349)
4(274 350 730 654)
4(349 729 730 350)
4(275 351 731 655)
4(350 730 731 351)
4(276 352 732 656)
4(351 731 732 352)
4(277 353 733 657)
4(352 732 733 353)
4(278 354 734 658)
4(353 733 734 354)
4(279 355 735 659)
4(354 734 735 355)
4(280 356 736 660)
4(355 735 736 356)
4(281 357 737 661)
4(356 736 737 357)
4(282 358 738 662)
4(357 737 738 358)
4(283 359 739 663)
4(358 738 739 359)
4(284 360 740 664)
4(359 739 740 360)
4(285 361 741 665)
4(360 740 741 361)
4(286 362 742 666)
4(361 741 742 362)
4(287 363 743 667)
4(362 742 743 363)
4(288 364 744 668)
4(363 743 744 364)
4(289 365 745 669)
4(364 744 745 365)
4(290 366 746 670)
4(365 745 746 366)
4(291 367 747 671)
4(366 746 747 367)
4(292 368 748 672)
4(367 747 748 368)
4(293 369 749 673)
4(368 748 749 369)
4(294 370 750 674)
4(369 749 750 370)
4(295 371 751 675)
4(370 750 751 371)
4(296 372 752 676)
4(371 751 752 372)
4(297 373 753 677)
4(372 752 753 373)
4(298 374 754 678)
4(373 753 754 374)
4(299 375 755 679)
4(374 754 755 375)
4(300 376 756 680)
4(375 755 756 376)
4(301 377 757 681)
4(376 756 757 377)
4(302 378 758 682)
4(377 757 758 378)
4(378 758 759 379)
4(303 379 759 683)
4(305 381 761 685)
4(306 382 762 686)
4(307 383 763 687)
4(308 384 764 688)
4(309 385 765 689)
4(310 386 766 690)
4(311 387 767 691)
4(312 388 768 692)
4(313 389 769 693)
4(314 390 770 694)
4(315 391 771 695)
4(316 392 772 696)
4(317 393 773 697)
4(318 394 774 698)
4(319 395 775 699)
4(320 396 776 700)
4(321 397 777 701)
4(322 398 778 702)
4(323 399 779 703)
4(324 400 780 704)
4(325 401 781 705)
4(326 402 782 706)
4(327 403 783 707)
4(328 404 784 708)
4(329 405 785 709)
4(330 406 786 710)
4(331 407 787 711)
4(332 408 788 712)
4(333 409 789 713)
4(334 410 790 714)
4(335 411 791 715)
4(336 412 792 716)
4(337 413 793 717)
4(338 414 794 718)
4(339 415 795 719)
4(340 416 796 720)
4(341 417 797 721)
4(342 418 798 722)
4(343 419 799 723)
4(344 420 800 724)
4(345 421 801 725)
4(346 422 802 726)
4(347 423 803 727)
4(348 424 804 728)
4(349 425 805 729)
4(350 426 806 730)
4(351 427 807 731)
4(352 428 808 732)
4(353 429 809 733)
4(354 430 810 734)
4(355 431 811 735)
4(356 432 812 736)
4(357 433 813 737)
4(358 434 814 738)
4(359 435 815 739)
4(360 436 816 740)
4(361 437 817 741)
4(362 438 818 742)
4(363 439 819 743)
4(364 440 820 744)
4(365 441 821 745)
4(366 442 822 746)
4(367 443 823 747)
4(368 444 824 748)
4(369 445 825 749)
4(370 446 826 750)
4(371 447 827 751)
4(372 448 828 752)
4(373 449 829 753)
4(374 450 830 754)
4(375 451 831 755)
4(376 452 832 756)
4(377 453 833 757)
4(378 454 834 758)
4(379 455 835 759)
3(836 896 1196)
4(151 531 1196 896)
3(837 897 1197)
4(896 1196 1197 897)
3(838 898 1198)
4(897 1197 1198 898)
3(839 899 1199)
4(898 1198 1199 899)
3(840 900 1200)
4(899 1199 1200 900)
3(841 901 1201)
4(900 1200 1201 901)
3(842 902 1202)
4(901 1201 1202 902)
3(843 903 1203)
4(902 1202 1203 903)
3(844 904 1204)
4(903 1203 1204 904)
3(845 905 1205)
4(904 1204 1205 905)
3(846 906 1206)
4(905 1205 1206 906)
3(847 907 1207)
4(906 1206 1207 907)
3(848 908 1208)
4(907 1207 1208 908)
3(849 909 1209)
4(908 1208 1209 909)
3(850 910 1210)
4(909 1209 1210 910)
3(851 911 1211)
4(910 1210 1211 911)
3(852 912 1212)
4(911 1211 1212 912)
3(853 913 1213)
4(912 1212 1213 913)
3(854 914 1214)
4(913 1213 1214 914)
3(855 915 1215)
4(914 1214 1215 915)
3(856 916 1216)
4(915 1215 1216 916)
3(857 917 1217)
4(916 1216 1217 917)
3(858 918 1218)
4(917 1217 1218 918)
3(859 919 1219)
4(918 1218 1219 919)
3(860 920 1220)
4(919 1219 1220 920)
3(861 921 1221)
4(920 1220 1221 921)
3(862 922 1222)
4(921 1221 1222 922)
3(863 923 1223)
4(922 1222 1223 923)
3(864 924 1224)
4(923 1223 1224 924)
3(865 925 1225)
4(924 1224 1225 925)
3(866 926 1226)
4(925 1225 1226 926)
3(867 927 1227)
4(926 1226 1227 927)
3(868 928 1228)
4(927 1227 1228 928)
3(869 929 1229)
4(928 1228 1229 929)
3(870 930 1230)
4(929 1229 1230 930)
3(871 931 1231)
4(930 1230 1231 931)
3(872 932 1232)
4(931 1231 1232 932)
3(873 933 1233)
4(932 1232 1233 933)
3(874 934 1234)
4(933 1233 1234 934)
3(875 935 1235)
4(934 1234 1235 935)
3(876 936 1236)
4(935 1235 1236 936)
3(877 937 1237)
4(936 1236 1237 937)
3(878 938 1238)
4(937 1237 1238 938)
3(879 939 1239)
4(938 1238 1239 939)
3(880 940 1240)
4(939 1239 1240 940)
3(881 941 1241)
4(940 1240 1241 941)
3(882 942 1242)
4(941 1241 1242 942)
3(883 943 1243)
4(942 1242 1243 943)
3(884 944 1244)
4(943 1243 1244 944)
3(885 945 1245)
4(944 1244 1245 945)
3(886 946 1246)
4(945 1245 1246 946)
3(887 947 1247)
4(946 1246 1247 947)
3(888 948 1248)
4(947 1247 1248 948)
3(889 949 1249)
4(948 1248 1249 949)
3(890 950 1250)
4(949 1249 1250 950)
3(891 951 1251)
4(950 1250 1251 951)
3(892 952 1252)
4(951 1251 1252 952)
3(893 953 1253)
4(952 1252 1253 953)
3(894 954 1254)
4(953 1253 1254 954)
4(954 1254 1255 955)
3(895 955 1255)
4(896 956 1256 1196)
4(227 607 1256 956)
4(897 957 1257 1197)
4(956 1256 1257 957)
4(898 958 1258 1198)
4(957 1257 1258 958)
4(899 959 1259 1199)
4(958 1258 1259 959)
4(900 960 1260 1200)
4(959 1259 1260 960)
4(901 961 1261 1201)
4(960 1260 1261 961)
4(902 962 1262 1202)
4(961 1261 1262 962)
4(903 963 1263 1203)
4(962 1262 1263 963)
4(904 964 1264 1204)
4(963 1263 1264 964)
4(905 965 1265 1205)
4(964 1264 1265 965)
4(906 966 1266 1206)
4(965 1265 1266 966)
4(907 967 1267 1207)
4(966 1266 1267 967)
4(908 968 1268 1208)
4(967 1267 1268 968)
4(909 969 1269 1209)
4(968 1268 1269 969)
4(910 970 1270 1210)
4(969 1269 1270 970)
4(911 971 1271 1211)
4(970 1270 1271 971)
4(912 972 1272 1212)
4(971 1271 1272 972)
4(913 973 1273 1213)
4(972 1272 1273 973)
4(914 974 1274 1214)
4(973 1273 1274 974)
4(915 975 1275 1215)
4(974 1274 1275 975)
4(916 976 1276 1216)
4(975 1275 1276 976)
4(917 977 1277 1217)
4(976 1276 1277 977)
4(918 978 1278 1218)
4(977 1277 1278 978)
4(919 979 1279 1219)
4(978 1278 1279 979)
4(920 980 1280 1220)
4(979 1279 1280 980)
4(921 981 1281 1221)
4(980 1280 1281 981)
4(922 982 1282 1222)
4(981 1281 1282 982)
4(923 983 1283 1223)
4(982 1282 1283 983)
4(924 984 1284 1224)
4(983 1283 1284 984)
4(925 985 1285 1225)
4(984 1284 1285 985)
4(926 986 1286 1226)
4(985 1285 1286 986)
4(927 987 1287 1227)
4(986 1286 1287 987)
4(928 988 1288 1228)
4(987 1287 1288 988)
4(929 989 1289 1229)
4(988 1288 1289 989)
4(930 990 1290 1230)
4(989 1289 1290 990)
4(931 991 1291 1231)
4(990 1290 1291 991)
4(932 992 1292 1232)
4(991 1291 1292 992)
4(933 993 1293 1233)
4(992 1292 1293 993)
4(934 994 1294 1234)
4(993 1293 1294 994)
4(935 995 1295 1235)
4(994 1294 1295 995)
4(936 996 1296 1236)
4(995 1295 1296 996)
4(937 997 1297 1237)
4(996 1296 1297 997)
4(938 998 1298 1238)
4(997 1297 1298 998)
4(939 999 1299 1239)
4(998 1298 1299 999)
4(940 1000 1300 1240)
4(999 1299 1300 1000)
4(941 1001 1301 1241)
4(1000 1300 1301 1001)
4(942 1002 1302 1242)
4(1001 1301 1302 1002)
4(943 1003 1303 1243)
4(1002 1302 1303 1003)
4(944 1004 1304 1244)
4(1003 1303 1304 1004)
4(945 1005 1305 1245)
4(1004 1304 1305 1005)
4(946 1006 1306 1246)
4(1005 1305 1306 1006)
4(947 1007 1307 1247)
4(1006 1306 1307 1007)
4(948 1008 1308 1248)
4(1007 1307 1308 1008)
4(949 1009 1309 1249)
4(1008 1308 1309 1009)
4(950 1010 1310 1250)
4(1009 1309 1310 1010)
4(951 1011 1311 1251)
4(1010 1310 1311 1011)
4(952 1012 1312 1252)
4(1011 1311 1312 1012)
4(953 1013 1313 1253)
4(1012 1312 1313 1013)
4(954 1014 1314 1254)
4(1013 1313 1314 1014)
4(1014 1314 1315 1015)
4(955 1015 1315 1255)
4(956 1016 1316 1256)
4(303 683 1316 1016)
4(957 1017 1317 1257)
4(1016 1316 1317 1017)
4(958 1018 1318 1258)
4(1017 1317 1318 1018)
4(959 1019 1319 1259)
4(1018 1318 1319 1019)
4(960 1020 1320 1260)
4(1019 1319 1320 1020)
4(961 1021 1321 1261)
4(1020 1320 1321 1021)
4(962 1022 1322 1262)
4(1021 1321 1322 1022)
4(963 1023 1323 1263)
4(1022 1322 1323 1023)
4(964 1024 1324 1264)
4(1023 1323 1324 1024)
4(965 1025 1325 1265)
4(1024 1324 1325 1025)
4(966 1026 1326 1266)
4(1025 1325 1326 1026)
4(967 1027 1327 1267)
4(1026 1326 1327 1027)
4(968 1028 1328 1268)
4(1027 1327 1328 1028)
4(969 1029 1329 1269)
4(1028 1328 1329 1029)
4(970 1030 1330 1270)
4(1029 1329 1330 1030)
4(971 1031 1331 1271)
4(1030 1330 1331 1031)
4(972 1032 1332 1272)
4(1031 1331 1332 1032)
4(973 1033 1333 1273)
4(1032 1332 1333 1033)
4(974 1034 1334 1274)
4(1033 1333 1334 1034)
4(975 1035 1335 1275)
4(1034 1334 1335 1035)
4(976 1036 1336 1276)
4(1035 1335 1336 1036)
4(977 1037 1337 1277)
4(1036 1336 1337 1037)
4(978 1038 1338 1278)
4(1037 1337 1338 1038)
4(979 1039 1339 1279)
4(1038 1338 1339 1039)
4(980 1040 1340 1280)
4(1039 1339 1340 1040)
4(981 1041 1341 1281)
4(1040 1340 1341 1041)
4(982 1042 1342 1282)
4(1041 1341 1342 1042)
4(983 1043 1343 1283)
4(1042 1342 1343 1043)
4(984 1044 1344 1284)
4(1043 1343 1344 1044)
4(985 1045 1345 1285)
4(1044 1344 1345 1045)
4(986 1046 1346 1286)
4(1045 1345 1346 1046)
4(987 1047 1347 1287)
4(1046 1346 1347 1047)
4(988 1048 1348 1288)
4(1047 1347 1348 1048)
4(989 1049 1349 1289)
4(1048 1348 1349 1049)
4(990 1050 1350 1290)
4(1049 1349 1350 1050)
4(991 1051 1351 1291)
4(1050 1350 1351 1051)
4(992 1052 1352 1292)
4(1051 1351 1352 1052)
4(993 1053 1353 1293)
4(1052 1352 1353 1053)
4(994 1054 1354 1294)
4(1053 1353 1354 1054)
4(995 1055 1355 1295)
4(1054 1354 1355 1055)
4(996 1056 1356 1296)
4(1055 1355 1356 1056)
4(997 1057 1357 1297)
4(1056 1356 1357 1057)
4(998 1058 1358 1298)
4(1057 1357 1358 1058)
4(999 1059 1359 1299)
4(1058 1358 1359 1059)
4(1000 1060 1360 1300)
4(1059 1359 1360 1060)
4(1001 1061 1361 1301)
4(1060 1360 1361 1061)
4(1002 1062 1362 1302)
4(1061 1361 1362 1062)
4(1003 1063 1363 1303)
4(1062 1362 1363 1063)
4(1004 1064 1364 1304)
4(1063 1363 1364 1064)
4(1005 1065 1365 1305)
4(1064 1364 1365 1065)
4(1006 1066 1366 1306)
4(1065 1365 1366 1066)
4(1007 1067 1367 1307)
4(1066 1366 1367 1067)
4(1008 1068 1368 1308)
4(1067 1367 1368 1068)
4(1009 1069 1369 1309)
4(1068 1368 1369 1069)
4(1010 1070 1370 1310)
4(1069 1369 1370 1070)
4(1011 1071 1371 1311)
4(1070 1370 1371 1071)
4(1012 1072 1372 1312)
4(1071 1371 1372 1072)
4(1013 1073 1373 1313)
4(1072 1372 1373 1073)
4(1014 1074 1374 1314)
4(1073 1373 1374 1074)
4(1074 1374 1375 1075)
4(1015 1075 1375 1315)
4(1016 1076 1376 1316)
4(379 759 1376 1076)
4(1017 1077 1377 1317)
4(1076 1376 1377 1077)
4(1018 1078 1378 1318)
4(1077 1377 1378 1078)
4(1019 1079 1379 1319)
4(1078 1378 1379 1079)
4(1020 1080 1380 1320)
4(1079 1379 1380 1080)
4(1021 1081 1381 1321)
4(1080 1380 1381 1081)
4(1022 1082 1382 1322)
4(1081 1381 1382 1082)
4(1023 1083 1383 1323)
4(1082 1382 1383 1083)
4(1024 1084 1384 1324)
4(1083 1383 1384 1084)
4(1025 1085 1385 1325)
4(1084 1384 1385 1085)
4(1026 1086 1386 1326)
4(1085 1385 1386 1086)
4(1027 1087 1387 1327)
4(1086 1386 1387 1087)
4(1028 1088 1388 1328)
4(1087 1387 1388 1088)
4(1029 1089 1389 1329)
4(1088 1388 1389 1089)
4(1030 1090 1390 1330)
4(1089 1389 1390 1090)
4(1031 1091 1391 1331)
4(1090 1390 1391 1091)
4(1032 1092 1392 1332)
4(1091 1391 1392 1092)
4(1033 1093 1393 1333)
4(1092 1392 1393 1093)
4(1034 1094 1394 1334)
4(1093 1393 1394 1094)
4(1035 1095 1395 1335)
4(1094 1394 1395 1095)
4(1036 1096 1396 1336)
4(1095 1395 1396 1096)
4(1037 1097 1397 1337)
4(1096 1396 1397 1097)
4(1038 1098 1398 1338)
4(1097 1397 1398 1098)
4(1039 1099 1399 1339)
4(1098 1398 1399 1099)
4(1040 1100 1400 1340)
4(1099 1399 1400 1100)
4(1041 1101 1401 1341)
4(1100 1400 1401 1101)
4(1042 1102 1402 1342)
4(1101 1401 1402 1102)
4(1043 1103 1403 1343)
4(1102 1402 1403 1103)
4(1044 1104 1404 1344)
4(1103 1403 1404 1104)
4(1045 1105 1405 1345)
4(1104 1404 1405 1105)
4(1046 1106 1406 1346)
4(1105 1405 1406 1106)
4(1047 1107 1407 1347)
4(1106 1406 1407 1107)
4(1048 1108 1408 1348)
4(1107 1407 1408 1108)
4(1049 1109 1409 1349)
4(1108 1408 1409 1109)
4(1050 1110 1410 1350)
4(1109 1409 1410 1110)
4(1051 1111 1411 1351)
4(1110 1410 1411 1111)
4(1052 1112 1412 1352)
4(1111 1411 1412 1112)
4(1053 1113 1413 1353)
4(1112 1412 1413 1113)
4(1054 1114 1414 1354)
4(1113 1413 1414 1114)
4(1055 1115 1415 1355)
4(1114 1414 1415 1115)
4(1056 1116 1416 1356)
4(1115 1415 1416 1116)
4(1057 1117 1417 1357)
4(1116 1416 1417 1117)
4(1058 1118 1418 1358)
4(1117 1417 1418 1118)
4(1059 1119 1419 1359)
4(1118 1418 1419 1119)
4(1060 1120 1420 1360)
4(1119 1419 1420 1120)
4(1061 1121 1421 1361)
4(1120 1420 1421 1121)
4(1062 1122 1422 1362)
4(1121 1421 1422 1122)
4(1063 1123 1423 1363)
4(1122 1422 1423 1123)
4(1064 1124 1424 1364)
4(1123 1423 1424 1124)
4(1065 1125 1425 1365)
4(1124 1424 1425 1125)
4(1066 1126 1426 1366)
4(1125 1425 1426 1126)
4(1067 1127 1427 1367)
4(1126 1426 1427 1127)
4(1068 1128 1428 1368)
4(1127 1427 1428 1128)
4(1069 1129 1429 1369)
4(1128 1428 1429 1129)
4(1070 1130 1430 1370)
4(1129 1429 1430 1130)
4(1071 1131 1431 1371)
4(1130 1430 1431 1131)
4(1072 1132 1432 1372)
4(1131 1431 1432 1132)
4(1073 1133 1433 1373)
4(1132 1432 1433 1133)
4(1074 1134 1434 1374)
4(1133 1433 1434 1134)
4(1134 1434 1435 1135)
4(1075 1135 1435 1375)
4(1076 1136 1436 1376)
4(455 835 1436 1136)
4(1077 1137 1437 1377)
4(1136 1436 1437 1137)
4(1078 1138 1438 1378)
4(1137 1437 1438 1138)
4(1079 1139 1439 1379)
4(1138 1438 1439 1139)
4(1080 1140 1440 1380)
4(1139 1439 1440 1140)
4(1081 1141 1441 1381)
4(1140 1440 1441 1141)
4(1082 1142 1442 1382)
4(1141 1441 1442 1142)
4(1083 1143 1443 1383)
4(1142 1442 1443 1143)
4(1084 1144 1444 1384)
4(1143 1443 1444 1144)
4(1085 1145 1445 1385)
4(1144 1444 1445 1145)
4(1086 1146 1446 1386)
4(1145 1445 1446 1146)
4(1087 1147 1447 1387)
4(1146 1446 1447 1147)
4(1088 1148 1448 1388)
4(1147 1447 1448 1148)
4(1089 1149 1449 1389)
4(1148 1448 1449 1149)
4(1090 1150 1450 1390)
4(1149 1449 1450 1150)
4(1091 1151 1451 1391)
4(1150 1450 1451 1151)
4(1092 1152 1452 1392)
4(1151 1451 1452 1152)
4(1093 1153 1453 1393)
4(1152 1452 1453 1153)
4(1094 1154 1454 1394)
4(1153 1453 1454 1154)
4(1095 1155 1455 1395)
4(1154 1454 1455 1155)
4(1096 1156 1456 1396)
4(1155 1455 1456 1156)
4(1097 1157 1457 1397)
4(1156 1456 1457 1157)
4(1098 1158 1458 1398)
4(1157 1457 1458 1158)
4(1099 1159 1459 1399)
4(1158 1458 1459 1159)
4(1100 1160 1460 1400)
4(1159 1459 1460 1160)
4(1101 1161 1461 1401)
4(1160 1460 1461 1161)
4(1102 1162 1462 1402)
4(1161 1461 1462 1162)
4(1103 1163 1463 1403)
4(1162 1462 1463 1163)
4(1104 1164 1464 1404)
4(1163 1463 1464 1164)
4(1105 1165 1465 1405)
4(1164 1464 1465 1165)
4(1106 1166 1466 1406)
4(1165 1465 1466 1166)
4(1107 1167 1467 1407)
4(1166 1466 1467 1167)
4(1108 1168 1468 1408)
4(1167 1467 1468 1168)
4(1109 1169 1469 1409)
4(1168 1468 1469 1169)
4(1110 1170 1470 1410)
4(1169 1469 1470 1170)
4(1111 1171 1471 1411)
4(1170 1470 1471 1171)
4(1112 1172 1472 1412)
4(1171 1471 1472 1172)
4(1113 1173 1473 1413)
4(1172 1472 1473 1173)
4(1114 1174 1474 1414)
4(1173 1473 1474 1174)
4(1115 1175 1475 1415)
4(1174 1474 1475 1175)
4(1116 1176 1476 1416)
4(1175 1475 1476 1176)
4(1117 1177 1477 1417)
4(1176 1476 1477 1177)
4(1118 1178 1478 1418)
4(1177 1477 1478 1178)
4(1119 1179 1479 1419)
4(1178 1478 1479 1179)
4(1120 1180 1480 1420)
4(1179 1479 1480 1180)
4(1121 1181 1481 1421)
4(1180 1480 1481 1181)
4(1122 1182 1482 1422)
4(1181 1481 1482 1182)
4(1123 1183 1483 1423)
4(1182 1482 1483 1183)
4(1124 1184 1484 1424)
4(1183 1483 1484 1184)
4(1125 1185 1485 1425)
4(1184 1484 1485 1185)
4(1126 1186 1486 1426)
4(1185 1485 1486 1186)
4(1127 1187 1487 1427)
4(1186 1486 1487 1187)
4(1128 1188 1488 1428)
4(1187 1487 1488 1188)
4(1129 1189 1489 1429)
4(1188 1488 1489 1189)
4(1130 1190 1490 1430)
4(1189 1489 1490 1190)
4(1131 1191 1491 1431)
4(1190 1490 1491 1191)
4(1132 1192 1492 1432)
4(1191 1491 1492 1192)
4(1133 1193 1493 1433)
4(1192 1492 1493 1193)
4(1134 1194 1494 1434)
4(1193 1493 1494 1194)
4(1135 1195 1495 1435)
4(1194 1494 1495 1195)
3(1496 1571 1946)
4(955 1255 1946 1571)
3(1497 1572 1947)
4(1571 1946 1947 1572)
3(1498 1573 1948)
4(1572 1947 1948 1573)
3(1499 1574 1949)
4(1573 1948 1949 1574)
3(1500 1575 1950)
4(1574 1949 1950 1575)
3(1501 1576 1951)
4(1575 1950 1951 1576)
3(1502 1577 1952)
4(1576 1951 1952 1577)
3(1503 1578 1953)
4(1577 1952 1953 1578)
3(1504 1579 1954)
4(1578 1953 1954 1579)
3(1505 1580 1955)
4(1579 1954 1955 1580)
3(1506 1581 1956)
4(1580 1955 1956 1581)
3(1507 1582 1957)
4(1581 1956 1957 1582)
3(1508 1583 1958)
4(1582 1957 1958 1583)
3(1509 1584 1959)
4(1583 1958 1959 1584)
3(1510 1585 1960)
4(1584 1959 1960 1585)
3(1511 1586 1961)
4(1585 1960 1961 1586)
3(1512 1587 1962)
4(1586 1961 1962 1587)
3(1513 1588 1963)
4(1587 1962 1963 1588)
3(1514 1589 1964)
4(1588 1963 1964 1589)
3(1515 1590 1965)
4(1589 1964 1965 1590)
3(1516 1591 1966)
4(1590 1965 1966 1591)
3(1517 1592 1967)
4(1591 1966 1967 1592)
3(1518 1593 1968)
4(1592 1967 1968 1593)
3(1519 1594 1969)
4(1593 1968 1969 1594)
3(1520 1595 1970)
4(1594 1969 1970 1595)
3(1521 1596 1971)
4(1595 1970 1971 1596)
3(1522 1597 1972)
4(1596 1971 1972 1597)
3(1523 1598 1973)
4(1597 1972 1973 1598)
3(1524 1599 1974)
4(1598 1973 1974 1599)
3(1525 1600 1975)
4(1599 1974 1975 1600)
3(1526 1601 1976)
4(1600 1975 1976 1601)
3(1527 1602 1977)
4(1601 1976 1977 1602)
3(1528 1603 1978)
4(1602 1977 1978 1603)
3(1529 1604 1979)
4(1603 1978 1979 1604)
3(1530 1605 1980)
4(1604 1979 1980 1605)
3(1531 1606 1981)
4(1605 1980 1981 1606)
3(1532 1607 1982)
4(1606 1981 1982 1607)
3(1533 1608 1983)
4(1607 1982 1983 1608)
3(1534 1609 1984)
4(1608 1983 1984 1609)
3(1535 1610 1985)
4(1609 1984 1985 1610)
3(1536 1611 1986)
4(1610 1985 1986 1611)
3(1537 1612 1987)
4(1611 1986 1987 1612)
3(1538 1613 1988)
4(1612 1987 1988 1613)
3(1539 1614 1989)
4(1613 1988 1989 1614)
3(1540 1615 1990)
4(1614 1989 1990 1615)
3(1541 1616 1991)
4(1615 1990 1991 1616)
3(1542 1617 1992)
4(1616 1991 1992 1617)
3(1543 1618 1993)
4(1617 1992 1993 1618)
3(1544 1619 1994)
4(1618 1993 1994 1619)
3(1545 1620 1995)
4(1619 1994 1995 1620)
3(1546 1621 1996)
4(1620 1995 1996 1621)
3(1547 1622 1997)
4(1621 1996 1997 1622)
3(1548 1623 1998)
4(1622 1997 1998 1623)
3(1549 1624 1999)
4(1623 1998 1999 1624)
3(1550 1625 2000)
4(1624 1999 2000 1625)
3(1551 1626 2001)
4(1625 2000 2001 1626)
3(1552 1627 2002)
4(1626 2001 2002 1627)
3(1553 1628 2003)
4(1627 2002 2003 1628)
3(1554 1629 2004)
4(1628 2003 2004 1629)
3(1555 1630 2005)
4(1629 2004 2005 1630)
3(1556 1631 2006)
4(1630 2005 2006 1631)
3(1557 1632 2007)
4(1631 2006 2007 1632)
3(1558 1633 2008)
4(1632 2007 2008 1633)
3(1559 1634 2009)
4(1633 2008 2009 1634)
3(1560 1635 2010)
4(1634 2009 2010 1635)
3(1561 1636 2011)
4(1635 2010 2011 1636)
3(1562 1637 2012)
4(1636 2011 2012 1637)
3(1563 1638 2013)
4(1637 2012 2013 1638)
3(1564 1639 2014)
4(1638 2013 2014 1639)
3(1565 1640 2015)
4(1639 2014 2015 1640)
3(1566 1641 2016)
4(1640 2015 2016 1641)
3(1567 1642 2017)
4(1641 2016 2017 1642)
3(1568 1643 2018)
4(1642 2017 2018 1643)
3(1569 1644 2019)
4(1643 2018 2019 1644)
4(1644 2019 2020 1645)
4(1571 1646 2021 1946)
4(1015 1315 2021 1646)
4(1572 1647 2022 1947)
4(1646 2021 2022 1647)
4(1573 1648 2023 1948)
4(1647 2022 2023 1648)
4(1574 1649 2024 1949)
4(1648 2023 2024 1649)
4(1575 1650 2025 1950)
4(1649 2024 2025 1650)
4(1576 1651 2026 1951)
4(1650 2025 2026 1651)
4(1577 1652 2027 1952)
4(1651 2026 2027 1652)
4(1578 1653 2028 1953)
4(1652 2027 2028 1653)
4(1579 1654 2029 1954)
4(1653 2028 2029 1654)
4(1580 1655 2030 1955)
4(1654 2029 2030 1655)
4(1581 1656 2031 1956)
4(1655 2030 2031 1656)
4(1582 1657 2032 1957)
4(1656 2031 2032 1657)
4(1583 1658 2033 1958)
4(1657 2032 2033 1658)
4(1584 1659 2034 1959)
4(1658 2033 2034 1659)
4(1585 1660 2035 1960)
4(1659 2034 2035 1660)
4(1586 1661 2036 1961)
4(1660 2035 2036 1661)
4(1587 1662 2037 1962)
4(1661 2036 2037 1662)
4(1588 1663 2038 1963)
4(1662 2037 2038 1663)
4(1589 1664 2039 1964)
4(1663 2038 2039 1664)
4(1590 1665 2040 1965)
4(1664 2039 2040 1665)
4(1591 1666 2041 1966)
4(1665 2040 2041 1666)
4(1592 1667 2042 1967)
4(1666 2041 2042 1667)
4(1593 1668 2043 1968)
4(1667 2042 2043 1668)
4(1594 1669 2044 1969)
4(1668 2043 2044 1669)
4(1595 1670 2045 1970)
4(1669 2044 2045 1670)
4(1596 1671 2046 1971)
4(1670 2045 2046 1671)
4(1597 1672 2047 1972)
4(1671 2046 2047 1672)
4(1598 1673 2048 1973)
4(1672 2047 2048 1673)
4(1599 1674 2049 1974)
4(1673 2048 2049 1674)
4(1600 1675 2050 1975)
4(1674 2049 2050 1675)
4(1601 1676 2051 1976)
4(1675 2050 2051 1676)
4(1602 1677 2052 1977)
4(1676 2051 2052 1677)
4(1603 1678 2053 1978)
4(1677 2052 2053 1678)
4(1604 1679 2054 1979)
4(1678 2053 2054 1679)
4(1605 1680 2055 1980)
4(1679 2054 2055 1680)
4(1606 1681 2056 1981)
4(1680 2055 2056 1681)
4(1607 1682 2057 1982)
4(1681 2056 2057 1682)
4(1608 1683 2058 1983)
4(1682 2057 2058 1683)
4(1609 1684 2059 1984)
4(1683 2058 2059 1684)
4(1610 1685 2060 1985)
4(1684 2059 2060 1685)
4(1611 1686 2061 1986)
4(1685 2060 2061 1686)
4(1612 1687 2062 1987)
4(1686 2061 2062 1687)
4(1613 1688 2063 1988)
4(1687 2062 2063 1688)
4(1614 1689 2064 1989)
4(1688 2063 2064 1689)
4(1615 1690 2065 1990)
4(1689 2064 2065 1690)
4(1616 1691 2066 1991)
4(1690 2065 2066 1691)
4(1617 1692 2067 1992)
4(1691 2066 2067 1692)
4(1618 1693 2068 1993)
4(1692 2067 2068 1693)
4(1619 1694 2069 1994)
4(1693 2068 2069 1694)
4(1620 1695 2070 1995)
4(1694 2069 2070 1695)
4(1621 1696 2071 1996)
4(1695 2070 2071 1696)
4(1622 1697 2072 1997)
4(1696 2071 2072 1697)
4(1623 1698 2073 1998)
4(1697 2072 2073 1698)
4(1624 1699 2074 1999)
4(1698 2073 2074 1699)
4(1625 1700 2075 2000)
4(1699 2074 2075 1700)
4(1626 1701 2076 2001)
4(1700 2075 2076 1701)
4(1627 1702 2077 2002)
4(1701 2076 2077 1702)
4(1628 1703 2078 2003)
4(1702 2077 2078 1703)
4(1629 1704 2079 2004)
4(1703 2078 2079 1704)
4(1630 1705 2080 2005)
4(1704 2079 2080 1705)
4(1631 1706 2081 2006)
4(1705 2080 2081 1706)
4(1632 1707 2082 2007)
4(1706 2081 2082 1707)
4(1633 1708 2083 2008)
4(1707 2082 2083 1708)
4(1634 1709 2084 2009)
4(1708 2083 2084 1709)
4(1635 1710 2085 2010)
4(1709 2084 2085 1710)
4(1636 1711 2086 2011)
4(1710 2085 2086 1711)
4(1637 1712 2087 2012)
4(1711 2086 2087 1712)
4(1638 1713 2088 2013)
4(1712 2087 2088 1713)
4(1639 1714 2089 2014)
4(1713 2088 2089 1714)
4(1640 1715 2090 2015)
4(1714 2089 2090 1715)
4(1641 1716 2091 2016)
4(1715 2090 2091 1716)
4(1642 1717 2092 2017)
4(1716 2091 2092 1717)
4(1643 1718 2093 2018)
4(1717 2092 2093 1718)
4(1644 1719 2094 2019)
4(1718 2093 2094 1719)
4(1719 2094 2095 1720)
4(1646 1721 2096 2021)
4(1075 1375 2096 1721)
4(1647 1722 2097 2022)
4(1721 2096 2097 1722)
4(1648 1723 2098 2023)
4(1722 2097 2098 1723)
4(1649 1724 2099 2024)
4(1723 2098 2099 1724)
4(1650 1725 2100 2025)
4(1724 2099 2100 1725)
4(1651 1726 2101 2026)
4(1725 2100 2101 1726)
4(1652 1727 2102 2027)
4(1726 2101 2102 1727)
4(1653 1728 2103 2028)
4(1727 2102 2103 1728)
4(1654 1729 2104 2029)
4(1728 2103 2104 1729)
4(1655 1730 2105 2030)
4(1729 2104 2105 1730)
4(1656 1731 2106 2031)
4(1730 2105 2106 1731)
4(1657 1732 2107 2032)
4(1731 2106 2107 1732)
4(1658 1733 2108 2033)
4(1732 2107 2108 1733)
4(1659 1734 2109 2034)
4(1733 2108 2109 1734)
4(1660 1735 2110 2035)
4(1734 2109 2110 1735)
4(1661 1736 2111 2036)
4(1735 2110 2111 1736)
4(1662 1737 2112 2037)
4(1736 2111 2112 1737)
4(1663 1738 2113 2038)
4(1737 2112 2113 1738)
4(1664 1739 2114 2039)
4(1738 2113 2114 1739)
4(1665 1740 2115 2040)
4(1739 2114 2115 1740)
4(1666 1741 2116 2041)
4(1740 2115 2116 1741)
4(1667 1742 2117 2042)
4(1741 2116 2117 1742)
4(1668 1743 2118 2043)
4(1742 2117 2118 1743)
4(1669 1744 2119 2044)
4(1743 2118 2119 1744)
4(1670 1745 2120 2045)
4(1744 2119 2120 1745)
4(1671 1746 2121 2046)
4(1745 2120 2121 1746)
4(1672 1747 2122 2047)
4(1746 2121 2122 1747)
4(1673 1748 2123 2048)
4(1747 2122 2123 1748)
4(1674 1749 2124 2049)
4(1748 2123 2124 1749)
4(1675 1750 2125 2050)
4(1749 2124 2125 1750)
4(1676 1751 2126 2051)
4(1750 2125 2126 1751)
4(1677 1752 2127 2052)
4(1751 2126 2127 1752)
4(1678 1753 2128 2053)
4(1752 2127 2128 1753)
4(1679 1754 2129 2054)
4(1753 2128 2129 1754)
4(1680 1755 2130 2055)
4(1754 2129 2130 1755)
4(1681 1756 2131 2056)
4(1755 2130 2131 1756)
4(1682 1757 2132 2057)
4(1756 2131 2132 1757)
4(1683 1758 2133 2058)
4(1757 2132 2133 1758)
4(1684 1759 2134 2059)
4(1758 2133 2134 1759)
4(1685 1760 2135 2060)
4(1759 2134 2135 1760)
4(1686 1761 2136 2061)
4(1760 2135 2136 1761)
4(1687 1762 2137 2062)
4(1761 2136 2137 1762)
4(1688 1763 2138 2063)
4(1762 2137 2138 1763)
4(1689 1764 2139 2064)
4(1763 2138 2139 1764)
4(1690 1765 2140 2065)
4(1764 2139 2140 1765)
4(1691 1766 2141 2066)
4(1765 2140 2141 1766)
4(1692 1767 2142 2067)
4(1766 2141 2142 1767)
4(1693 1768 2143 2068)
4(1767 2142 2143 1768)
4(1694 1769 2144 2069)
4(1768 2143 2144 1769)
4(1695 1770 2145 2070)
4(1769 2144 2145 1770)
4(1696 1771 2146 2071)
4(1770 2145 2146 1771)
4(1697 1772 2147 2072)
4(1771 2146 2147 1772)
4(1698 1773 2148 2073)
4(1772 2147 2148 1773)
4(1699 1774 2149 2074)
4(1773 2148 2149 1774)
4(1700 1775 2150 2075)
4(1774 2149 2150 1775)
4(1701 1776 2151 2076)
4(1775 2150 2151 1776)
4(1702 1777 2152 2077)
4(1776 2151 2152 1777)
4(1703 1778 2153 2078)
4(1777 2152 2153 1778)
4(1704 1779 2154 2079)
4(1778 2153 2154 1779)
4(1705 1780 2155 2080)
4(1779 2154 2155 1780)
4(1706 1781 2156 2081)
4(1780 2155 2156 1781)
4(1707 1782 2157 2082)
4(1781 2156 2157 1782)
4(1708 1783 2158 2083)
4(1782 2157 2158 1783)
4(1709 1784 2159 2084)
4(1783 2158 2159 1784)
4(1710 1785 2160 2085)
4(1784 2159 2160 1785)
4(1711 1786 2161 2086)
4(1785 2160 2161 1786)
4(1712 1787 2162 2087)
4(1786 2161 2162 1787)
4(1713 1788 2163 2088)
4(1787 2162 2163 1788)
4(1714 1789 2164 2089)
4(1788 2163 2164 1789)
4(1715 1790 2165 2090)
4(1789 2164 2165 1790)
4(1716 1791 2166 2091)
4(1790 2165 2166 1791)
4(1717 1792 2167 2092)
4(1791 2166 2167 1792)
4(1718 1793 2168 2093)
4(1792 2167 2168 1793)
4(1719 1794 2169 2094)
4(1793 2168 2169 1794)
4(1794 2169 2170 1795)
4(1721 1796 2171 2096)
4(1135 1435 2171 1796)
4(1722 1797 2172 2097)
4(1796 2171 2172 1797)
4(1723 1798 2173 2098)
4(1797 2172 2173 1798)
4(1724 1799 2174 2099)
4(1798 2173 2174 1799)
4(1725 1800 2175 2100)
4(1799 2174 2175 1800)
4(1726 1801 2176 2101)
4(1800 2175 2176 1801)
4(1727 1802 2177 2102)
4(1801 2176 2177 1802)
4(1728 1803 2178 2103)
4(1802 2177 2178 1803)
4(1729 1804 2179 2104)
4(1803 2178 2179 1804)
4(1730 1805 2180 2105)
4(1804 2179 2180 1805)
4(1731 1806 2181 2106)
4(1805 2180 2181 1806)
4(1732 1807 2182 2107)
4(1806 2181 2182 1807)
4(1733 1808 2183 2108)
4(1807 2182 2183 1808)
4(1734 1809 2184 2109)
4(1808 2183 2184 1809)
4(1735 1810 2185 2110)
4(1809 2184 2185 1810)
4(1736 1811 2186 2111)
4(1810 2185 2186 1811)
4(1737 1812 2187 2112)
4(1811 2186 2187 1812)
4(1738 1813 2188 2113)
4(1812 2187 2188 1813)
4(1739 1814 2189 2114)
4(1813 2188 2189 1814)
4(1740 1815 2190 2115)
4(1814 2189 2190 1815)
4(1741 1816 2191 2116)
4(1815 2190 2191 1816)
4(1742 1817 2192 2117)
4(1816 2191 2192 1817)
4(1743 1818 2193 2118)
4(1817 2192 2193 1818)
4(1744 1819 2194 2119)
4(1818 2193 2194 1819)
4(1745 1820 2195 2120)
4(1819 2194 2195 1820)
4(1746 1821 2196 2121)
4(1820 2195 2196 1821)
4(1747 1822 2197 2122)
4(1821 2196 2197 1822)
4(1748 1823 2198 2123)
4(1822 2197 2198 1823)
4(1749 1824 2199 2124)
4(1823 2198 2199 1824)
4(1750 1825 2200 2125)
4(1824 2199 2200 1825)
4(1751 1826 2201 2126)
4(1825 2200 2201 1826)
4(1752 1827 2202 2127)
4(1826 2201 2202 1827)
4(1753 1828 2203 2128)
4(1827 2202 2203 1828)
4(1754 1829 2204 2129)
4(1828 2203 2204 1829)
4(1755 1830 2205 2130)
4(1829 2204 2205 1830)
4(1756 1831 2206 2131)
4(1830 2205 2206 1831)
4(1757 1832 2207 2132)
4(1831 2206 2207 1832)
4(1758 1833 2208 2133)
4(1832 2207 2208 1833)
4(1759 1834 2209 2134)
4(1833 2208 2209 1834)
4(1760 1835 2210 2135)
4(1834 2209 2210 1835)
4(1761 1836 2211 2136)
4(1835 2210 2211 1836)
4(1762 1837 2212 2137)
4(1836 2211 2212 1837)
4(1763 1838 2213 2138)
4(1837 2212 2213 1838)
4(1764 1839 2214 2139)
4(1838 2213 2214 1839)
4(1765 1840 2215 2140)
4(1839 2214 2215 1840)
4(1766 1841 2216 2141)
4(1840 2215 2216 1841)
4(1767 1842 2217 2142)
4(1841 2216 2217 1842)
4(1768 1843 2218 2143)
4(1842 2217 2218 1843)
4(1769 1844 2219 2144)
4(1843 2218 2219 1844)
4(1770 1845 2220 2145)
4(1844 2219 2220 1845)
4(1771 1846 2221 2146)
4(1845 2220 2221 1846)
4(1772 1847 2222 2147)
4(1846 2221 2222 1847)
4(1773 1848 2223 2148)
4(1847 2222 2223 1848)
4(1774 1849 2224 2149)
4(1848 2223 2224 1849)
4(1775 1850 2225 2150)
4(1849 2224 2225 1850)
4(1776 1851 2226 2151)
4(1850 2225 2226 1851)
4(1777 1852 2227 2152)
4(1851 2226 2227 1852)
4(1778 1853 2228 2153)
4(1852 2227 2228 1853)
4(1779 1854 2229 2154)
4(1853 2228 2229 1854)
4(1780 1855 2230 2155)
4(1854 2229 2230 1855)
4(1781 1856 2231 2156)
4(1855 2230 2231 1856)
4(1782 1857 2232 2157)
4(1856 2231 2232 1857)
4(1783 1858 2233 2158)
4(1857 2232 2233 1858)
4(1784 1859 2234 2159)
4(1858 2233 2234 1859)
4(1785 1860 2235 2160)
4(1859 2234 2235 1860)
4(1786 1861 2236 2161)
4(1860 2235 2236 1861)
4(1787 1862 2237 2162)
4(1861 2236 2237 1862)
4(1788 1863 2238 2163)
4(1862 2237 2238 1863)
4(1789 1864 2239 2164)
4(1863 2238 2239 1864)
4(1790 1865 2240 2165)
4(1864 2239 2240 1865)
4(1791 1866 2241 2166)
4(1865 2240 2241 1866)
4(1792 1867 2242 2167)
4(1866 2241 2242 1867)
4(1793 1868 2243 2168)
4(1867 2242 2243 1868)
4(1794 1869 2244 2169)
4(1868 2243 2244 1869)
4(1869 2244 2245 1870)
4(1796 1871 2246 2171)
4(1797 1872 2247 2172)
4(1798 1873 2248 2173)
4(1799 1874 2249 2174)
4(1800 1875 2250 2175)
4(1801 1876 2251 2176)
4(1802 1877 2252 2177)
4(1803 1878 2253 2178)
4(1804 1879 2254 2179)
4(1805 1880 2255 2180)
4(1806 1881 2256 2181)
4(1807 1882 2257 2182)
4(1808 1883 2258 2183)
4(1809 1884 2259 2184)
4(1810 1885 2260 2185)
4(1811 1886 2261 2186)
4(1812 1887 2262 2187)
4(1813 1888 2263 2188)
4(1814 1889 2264 2189)
4(1815 1890 2265 2190)
4(1816 1891 2266 2191)
4(1817 1892 2267 2192)
4(1818 1893 2268 2193)
4(1819 1894 2269 2194)
4(1820 1895 2270 2195)
4(1821 1896 2271 2196)
4(1822 1897 2272 2197)
4(1823 1898 2273 2198)
4(1824 1899 2274 2199)
4(1825 1900 2275 2200)
4(1826 1901 2276 2201)
4(1827 1902 2277 2202)
4(1828 1903 2278 2203)
4(1829 1904 2279 2204)
4(1830 1905 2280 2205)
4(1831 1906 2281 2206)
4(1832 1907 2282 2207)
4(1833 1908 2283 2208)
4(1834 1909 2284 2209)
4(1835 1910 2285 2210)
4(1836 1911 2286 2211)
4(1837 1912 2287 2212)
4(1838 1913 2288 2213)
4(1839 1914 2289 2214)
4(1840 1915 2290 2215)
4(1841 1916 2291 2216)
4(1842 1917 2292 2217)
4(1843 1918 2293 2218)
4(1844 1919 2294 2219)
4(1845 1920 2295 2220)
4(1846 1921 2296 2221)
4(1847 1922 2297 2222)
4(1848 1923 2298 2223)
4(1849 1924 2299 2224)
4(1850 1925 2300 2225)
4(1851 1926 2301 2226)
4(1852 1927 2302 2227)
4(1853 1928 2303 2228)
4(1854 1929 2304 2229)
4(1855 1930 2305 2230)
4(1856 1931 2306 2231)
4(1857 1932 2307 2232)
4(1858 1933 2308 2233)
4(1859 1934 2309 2234)
4(1860 1935 2310 2235)
4(1861 1936 2311 2236)
4(1862 1937 2312 2237)
4(1863 1938 2313 2238)
4(1864 1939 2314 2239)
4(1865 1940 2315 2240)
4(1866 1941 2316 2241)
4(1867 1942 2317 2242)
4(1868 1943 2318 2243)
4(1869 1944 2319 2244)
4(1136 2322 2627 1436)
4(2321 2626 2627 2322)
4(1137 2323 2628 1437)
4(2322 2627 2628 2323)
4(1138 2324 2629 1438)
4(2323 2628 2629 2324)
4(1139 2325 2630 1439)
4(2324 2629 2630 2325)
4(1140 2326 2631 1440)
4(2325 2630 2631 2326)
4(1141 2327 2632 1441)
4(2326 2631 2632 2327)
4(1142 2328 2633 1442)
4(2327 2632 2633 2328)
4(1143 2329 2634 1443)
4(2328 2633 2634 2329)
4(1144 2330 2635 1444)
4(2329 2634 2635 2330)
4(1145 2331 2636 1445)
4(2330 2635 2636 2331)
4(1146 2332 2637 1446)
4(2331 2636 2637 2332)
4(1147 2333 2638 1447)
4(2332 2637 2638 2333)
4(1148 2334 2639 1448)
4(2333 2638 2639 2334)
4(1149 2335 2640 1449)
4(2334 2639 2640 2335)
4(1150 2336 2641 1450)
4(2335 2640 2641 2336)
4(1151 2337 2642 1451)
4(2336 2641 2642 2337)
4(1152 2338 2643 1452)
4(2337 2642 2643 2338)
4(1153 2339 2644 1453)
4(2338 2643 2644 2339)
4(1154 2340 2645 1454)
4(2339 2644 2645 2340)
4(1155 2341 2646 1455)
4(2340 2645 2646 2341)
4(1156 2342 2647 1456)
4(2341 2646 2647 2342)
4(1157 2343 2648 1457)
4(2342 2647 2648 2343)
4(1158 2344 2649 1458)
4(2343 2648 2649 2344)
4(1159 2345 2650 1459)
4(2344 2649 2650 2345)
4(1160 2346 2651 1460)
4(2345 2650 2651 2346)
4(1161 2347 2652 1461)
4(2346 2651 2652 2347)
4(1162 2348 2653 1462)
4(2347 2652 2653 2348)
4(1163 2349 2654 1463)
4(2348 2653 2654 2349)
4(1164 2350 2655 1464)
4(2349 2654 2655 2350)
4(1165 2351 2656 1465)
4(2350 2655 2656 2351)
4(1166 2352 2657 1466)
4(2351 2656 2657 2352)
4(1167 2353 2658 1467)
4(2352 2657 2658 2353)
4(1168 2354 2659 1468)
4(2353 2658 2659 2354)
4(1169 2355 2660 1469)
4(2354 2659 2660 2355)
4(1170 2356 2661 1470)
4(2355 2660 2661 2356)
4(1171 2357 2662 1471)
4(2356 2661 2662 2357)
4(1172 2358 2663 1472)
4(2357 2662 2663 2358)
4(1173 2359 2664 1473)
4(2358 2663 2664 2359)
4(1174 2360 2665 1474)
4(2359 2664 2665 2360)
4(1175 2361 2666 1475)
4(2360 2665 2666 2361)
4(1176 2362 2667 1476)
4(2361 2666 2667 2362)
4(1177 2363 2668 1477)
4(2362 2667 2668 2363)
4(1178 2364 2669 1478)
4(2363 2668 2669 2364)
4(1179 2365 2670 1479)
4(2364 2669 2670 2365)
4(1180 2366 2671 1480)
4(2365 2670 2671 2366)
4(1181 2367 2672 1481)
4(2366 2671 2672 2367)
4(1182 2368 2673 1482)
4(2367 2672 2673 2368)
4(1183 2369 2674 1483)
4(2368 2673 2674 2369)
4(1184 2370 2675 1484)
4(2369 2674 2675 2370)
4(1185 2371 2676 1485)
4(2370 2675 2676 2371)
4(1186 2372 2677 1486)
4(2371 2676 2677 2372)
4(1187 2373 2678 1487)
4(2372 2677 2678 2373)
4(1188 2374 2679 1488)
4(2373 2678 2679 2374)
4(1189 2375 2680 1489)
4(2374 2679 2680 2375)
4(1190 2376 2681 1490)
4(2375 2680 2681 2376)
4(1191 2377 2682 1491)
4(2376 2681 2682 2377)
4(1192 2378 2683 1492)
4(2377 2682 2683 2378)
4(1193 2379 2684 1493)
4(2378 2683 2684 2379)
4(1194 2380 2685 1494)
4(2379 2684 2685 2380)
4(2380 2685 2686 2381)
4(2322 2383 2688 2627)
4(2382 2687 2688 2383)
4(2323 2384 2689 2628)
4(2383 2688 2689 2384)
4(2324 2385 2690 2629)
4(2384 2689 2690 2385)
4(2325 2386 2691 2630)
4(2385 2690 2691 2386)
4(2326 2387 2692 2631)
4(2386 2691 2692 2387)
4(2327 2388 2693 2632)
4(2387 2692 2693 2388)
4(2328 2389 2694 2633)
4(2388 2693 2694 2389)
4(2329 2390 2695 2634)
4(2389 2694 2695 2390)
4(2330 2391 2696 2635)
4(2390 2695 2696 2391)
4(2331 2392 2697 2636)
4(2391 2696 2697 2392)
4(2332 2393 2698 2637)
4(2392 2697 2698 2393)
4(2333 2394 2699 2638)
4(2393 2698 2699 2394)
4(2334 2395 2700 2639)
4(2394 2699 2700 2395)
4(2335 2396 2701 2640)
4(2395 2700 2701 2396)
4(2336 2397 2702 2641)
4(2396 2701 2702 2397)
4(2337 2398 2703 2642)
4(2397 2702 2703 2398)
4(2338 2399 2704 2643)
4(2398 2703 2704 2399)
4(2339 2400 2705 2644)
4(2399 2704 2705 2400)
4(2340 2401 2706 2645)
4(2400 2705 2706 2401)
4(2341 2402 2707 2646)
4(2401 2706 2707 2402)
4(2342 2403 2708 2647)
4(2402 2707 2708 2403)
4(2343 2404 2709 2648)
4(2403 2708 2709 2404)
4(2344 2405 2710 2649)
4(2404 2709 2710 2405)
4(2345 2406 2711 2650)
4(2405 2710 2711 2406)
4(2346 2407 2712 2651)
4(2406 2711 2712 2407)
4(2347 2408 2713 2652)
4(2407 2712 2713 2408)
4(2348 2409 2714 2653)
4(2408 2713 2714 2409)
4(2349 2410 2715 2654)
4(2409 2714 2715 2410)
4(2350 2411 2716 2655)
4(2410 2715 2716 2411)
4(2351 2412 2717 2656)
4(2411 2716 2717 2412)
4(2352 2413 2718 2657)
4(2412 2717 2718 2413)
4(2353 2414 2719 2658)
4(2413 2718 2719 2414)
4(2354 2415 2720 2659)
4(2414 2719 2720 2415)
4(2355 2416 2721 2660)
4(2415 2720 2721 2416)
4(2356 2417 2722 2661)
4(2416 2721 2722 2417)
4(2357 2418 2723 2662)
4(2417 2722 2723 2418)
4(2358 2419 2724 2663)
4(2418 2723 2724 2419)
4(2359 2420 2725 2664)
4(2419 2724 2725 2420)
4(2360 2421 2726 2665)
4(2420 2725 2726 2421)
4(2361 2422 2727 2666)
4(2421 2726 2727 2422)
4(2362 2423 2728 2667)
4(2422 2727 2728 2423)
4(2363 2424 2729 2668)
4(2423 2728 2729 2424)
4(2364 2425 2730 2669)
4(2424 2729 2730 2425)
4(2365 2426 2731 2670)
4(2425 2730 2731 2426)
4(2366 2427 2732 2671)
4(2426 2731 2732 2427)
4(2367 2428 2733 2672)
4(2427 2732 2733 2428)
4(2368 2429 2734 2673)
4(2428 2733 2734 2429)
4(2369 2430 2735 2674)
4(2429 2734 2735 2430)
4(2370 2431 2736 2675)
4(2430 2735 2736 2431)
4(2371 2432 2737 2676)
4(2431 2736 2737 2432)
4(2372 2433 2738 2677)
4(2432 2737 2738 2433)
4(2373 2434 2739 2678)
4(2433 2738 2739 2434)
4(2374 2435 2740 2679)
4(2434 2739 2740 2435)
4(2375 2436 2741 2680)
4(2435 2740 2741 2436)
4(2376 2437 2742 2681)
4(2436 2741 2742 2437)
4(2377 2438 2743 2682)
4(2437 2742 2743 2438)
4(2378 2439 2744 2683)
4(2438 2743 2744 2439)
4(2379 2440 2745 2684)
4(2439 2744 2745 2440)
4(2380 2441 2746 2685)
4(2440 2745 2746 2441)
4(2441 2746 2747 2442)
4(2383 2444 2749 2688)
4(2443 2748 2749 2444)
4(2384 2445 2750 2689)
4(2444 2749 2750 2445)
4(2385 2446 2751 2690)
4(2445 2750 2751 2446)
4(2386 2447 2752 2691)
4(2446 2751 2752 2447)
4(2387 2448 2753 2692)
4(2447 2752 2753 2448)
4(2388 2449 2754 2693)
4(2448 2753 2754 2449)
4(2389 2450 2755 2694)
4(2449 2754 2755 2450)
4(2390 2451 2756 2695)
4(2450 2755 2756 2451)
4(2391 2452 2757 2696)
4(2451 2756 2757 2452)
4(2392 2453 2758 2697)
4(2452 2757 2758 2453)
4(2393 2454 2759 2698)
4(2453 2758 2759 2454)
4(2394 2455 2760 2699)
4(2454 2759 2760 2455)
4(2395 2456 2761 2700)
4(2455 2760 2761 2456)
4(2396 2457 2762 2701)
4(2456 2761 2762 2457)
4(2397 2458 2763 2702)
4(2457 2762 2763 2458)
4(2398 2459 2764 2703)
4(2458 2763 2764 2459)
4(2399 2460 2765 2704)
4(2459 2764 2765 2460)
4(2400 2461 2766 2705)
4(2460 2765 2766 2461)
4(2401 2462 2767 2706)
4(2461 2766 2767 2462)
4(2402 2463 2768 2707)
4(2462 2767 2768 2463)
4(2403 2464 2769 2708)
4(2463 2768 2769 2464)
4(2404 2465 2770 2709)
4(2464 2769 2770 2465)
4(2405 2466 2771 2710)
4(2465 2770 2771 2466)
4(2406 2467 2772 2711)
4(2466 2771 2772 2467)
4(2407 2468 2773 2712)
4(2467 2772 2773 2468)
4(2408 2469 2774 2713)
4(2468 2773 2774 2469)
4(2409 2470 2775 2714)
4(2469 2774 2775 2470)
4(2410 2471 2776 2715)
4(2470 2775 2776 2471)
4(2411 2472 2777 2716)
4(2471 2776 2777 2472)
4(2412 2473 2778 2717)
4(2472 2777 2778 2473)
4(2413 2474 2779 2718)
4(2473 2778 2779 2474)
4(2414 2475 2780 2719)
4(2474 2779 2780 2475)
4(2415 2476 2781 2720)
4(2475 2780 2781 2476)
4(2416 2477 2782 2721)
4(2476 2781 2782 2477)
4(2417 2478 2783 2722)
4(2477 2782 2783 2478)
4(2418 2479 2784 2723)
4(2478 2783 2784 2479)
4(2419 2480 2785 2724)
4(2479 2784 2785 2480)
4(2420 2481 2786 2725)
4(2480 2785 2786 2481)
4(2421 2482 2787 2726)
4(2481 2786 2787 2482)
4(2422 2483 2788 2727)
4(2482 2787 2788 2483)
4(2423 2484 2789 2728)
4(2483 2788 2789 2484)
4(2424 2485 2790 2729)
4(2484 2789 2790 2485)
4(2425 2486 2791 2730)
4(2485 2790 2791 2486)
4(2426 2487 2792 2731)
4(2486 2791 2792 2487)
4(2427 2488 2793 2732)
4(2487 2792 2793 2488)
4(2428 2489 2794 2733)
4(2488 2793 2794 2489)
4(2429 2490 2795 2734)
4(2489 2794 2795 2490)
4(2430 2491 2796 2735)
4(2490 2795 2796 2491)
4(2431 2492 2797 2736)
4(2491 2796 2797 2492)
4(2432 2493 2798 2737)
4(2492 2797 2798 2493)
4(2433 2494 2799 2738)
4(2493 2798 2799 2494)
4(2434 2495 2800 2739)
4(2494 2799 2800 2495)
4(2435 2496 2801 2740)
4(2495 2800 2801 2496)
4(2436 2497 2802 2741)
4(2496 2801 2802 2497)
4(2437 2498 2803 2742)
4(2497 2802 2803 2498)
4(2438 2499 2804 2743)
4(2498 2803 2804 2499)
4(2439 2500 2805 2744)
4(2499 2804 2805 2500)
4(2440 2501 2806 2745)
4(2500 2805 2806 2501)
4(2441 2502 2807 2746)
4(2501 2806 2807 2502)
4(2502 2807 2808 2503)
4(2444 2505 2810 2749)
4(2504 2809 2810 2505)
4(2445 2506 2811 2750)
4(2505 2810 2811 2506)
4(2446 2507 2812 2751)
4(2506 2811 2812 2507)
4(2447 2508 2813 2752)
4(2507 2812 2813 2508)
4(2448 2509 2814 2753)
4(2508 2813 2814 2509)
4(2449 2510 2815 2754)
4(2509 2814 2815 2510)
4(2450 2511 2816 2755)
4(2510 2815 2816 2511)
4(2451 2512 2817 2756)
4(2511 2816 2817 2512)
4(2452 2513 2818 2757)
4(2512 2817 2818 2513)
4(2453 2514 2819 2758)
4(2513 2818 2819 2514)
4(2454 2515 2820 2759)
4(2514 2819 2820 2515)
4(2455 2516 2821 2760)
4(2515 2820 2821 2516)
4(2456 2517 2822 2761)
4(2516 2821 2822 2517)
4(2457 2518 2823 2762)
4(2517 2822 2823 2518)
4(2458 2519 2824 2763)
4(2518 2823 2824 2519)
4(2459 2520 2825 2764)
4(2519 2824 2825 2520)
4(2460 2521 2826 2765)
4(2520 2825 2826 2521)
4(2461 2522 2827 2766)
4(2521 2826 2827 2522)
4(2462 2523 2828 2767)
4(2522 2827 2828 2523)
4(2463 2524 2829 2768)
4(2523 2828 2829 2524)
4(2464 2525 2830 2769)
4(2524 2829 2830 2525)
4(2465 2526 2831 2770)
4(2525 2830 2831 2526)
4(2466 2527 2832 2771)
4(2526 2831 2832 2527)
4(2467 2528 2833 2772)
4(2527 2832 2833 2528)
4(2468 2529 2834 2773)
4(2528 2833 2834 2529)
4(2469 2530 2835 2774)
4(2529 2834 2835 2530)
4(2470 2531 2836 2775)
4(2530 2835 2836 2531)
4(2471 2532 2837 2776)
4(2531 2836 2837 2532)
4(2472 2533 2838 2777)
4(2532 2837 2838 2533)
4(2473 2534 2839 2778)
4(2533 2838 2839 2534)
4(2474 2535 2840 2779)
4(2534 2839 2840 2535)
4(2475 2536 2841 2780)
4(2535 2840 2841 2536)
4(2476 2537 2842 2781)
4(2536 2841 2842 2537)
4(2477 2538 2843 2782)
4(2537 2842 2843 2538)
4(2478 2539 2844 2783)
4(2538 2843 2844 2539)
4(2479 2540 2845 2784)
4(2539 2844 2845 2540)
4(2480 2541 2846 2785)
4(2540 2845 2846 2541)
4(2481 2542 2847 2786)
4(2541 2846 2847 2542)
4(2482 2543 2848 2787)
4(2542 2847 2848 2543)
4(2483 2544 2849 2788)
4(2543 2848 2849 2544)
4(2484 2545 2850 2789)
4(2544 2849 2850 2545)
4(2485 2546 2851 2790)
4(2545 2850 2851 2546)
4(2486 2547 2852 2791)
4(2546 2851 2852 2547)
4(2487 2548 2853 2792)
4(2547 2852 2853 2548)
4(2488 2549 2854 2793)
4(2548 2853 2854 2549)
4(2489 2550 2855 2794)
4(2549 2854 2855 2550)
4(2490 2551 2856 2795)
4(2550 2855 2856 2551)
4(2491 2552 2857 2796)
4(2551 2856 2857 2552)
4(2492 2553 2858 2797)
4(2552 2857 2858 2553)
4(2493 2554 2859 2798)
4(2553 2858 2859 2554)
4(2494 2555 2860 2799)
4(2554 2859 2860 2555)
4(2495 2556 2861 2800)
4(2555 2860 2861 2556)
4(2496 2557 2862 2801)
4(2556 2861 2862 2557)
4(2497 2558 2863 2802)
4(2557 2862 2863 2558)
4(2498 2559 2864 2803)
4(2558 2863 2864 2559)
4(2499 2560 2865 2804)
4(2559 2864 2865 2560)
4(2500 2561 2866 2805)
4(2560 2865 2866 2561)
4(2501 2562 2867 2806)
4(2561 2866 2867 2562)
4(2502 2563 2868 2807)
4(2562 2867 2868 2563)
4(2563 2868 2869 2564)
4(2505 2566 2871 2810)
4(2506 2567 2872 2811)
4(2507 2568 2873 2812)
4(2508 2569 2874 2813)
4(2509 2570 2875 2814)
4(2510 2571 2876 2815)
4(2511 2572 2877 2816)
4(2512 2573 2878 2817)
4(2513 2574 2879 2818)
4(2514 2575 2880 2819)
4(2515 2576 2881 2820)
4(2516 2577 2882 2821)
4(2517 2578 2883 2822)
4(2518 2579 2884 2823)
4(2519 2580 2885 2824)
4(2520 2581 2886 2825)
4(2521 2582 2887 2826)
4(2522 2583 2888 2827)
4(2523 2584 2889 2828)
4(2524 2585 2890 2829)
4(2525 2586 2891 2830)
4(2526 2587 2892 2831)
4(2527 2588 2893 2832)
4(2528 2589 2894 2833)
4(2529 2590 2895 2834)
4(2530 2591 2896 2835)
4(2531 2592 2897 2836)
4(2532 2593 2898 2837)
4(2533 2594 2899 2838)
4(2534 2595 2900 2839)
4(2535 2596 2901 2840)
4(2536 2597 2902 2841)
4(2537 2598 2903 2842)
4(2538 2599 2904 2843)
4(2539 2600 2905 2844)
4(2540 2601 2906 2845)
4(2541 2602 2907 2846)
4(2542 2603 2908 2847)
4(2543 2604 2909 2848)
4(2544 2605 2910 2849)
4(2545 2606 2911 2850)
4(2546 2607 2912 2851)
4(2547 2608 2913 2852)
4(2548 2609 2914 2853)
4(2549 2610 2915 2854)
4(2550 2611 2916 2855)
4(2551 2612 2917 2856)
4(2552 2613 2918 2857)
4(2553 2614 2919 2858)
4(2554 2615 2920 2859)
4(2555 2616 2921 2860)
4(2556 2617 2922 2861)
4(2557 2618 2923 2862)
4(2558 2619 2924 2863)
4(2559 2620 2925 2864)
4(2560 2621 2926 2865)
4(2561 2622 2927 2866)
4(2562 2623 2928 2867)
4(2563 2624 2929 2868)
3(0 456 76)
4(76 456 532 152)
4(152 532 608 228)
4(228 608 684 304)
4(304 684 760 380)
3(1570 1645 2020)
4(1645 1720 2095 2020)
4(1720 1795 2170 2095)
4(1795 1870 2245 2170)
4(1870 1945 2320 2245)
4(380 760 761 381)
4(381 761 762 382)
4(382 762 763 383)
4(383 763 764 384)
4(384 764 765 385)
4(385 765 766 386)
4(386 766 767 387)
4(387 767 768 388)
4(388 768 769 389)
4(389 769 770 390)
4(390 770 771 391)
4(391 771 772 392)
4(392 772 773 393)
4(393 773 774 394)
4(394 774 775 395)
4(395 775 776 396)
4(396 776 777 397)
4(397 777 778 398)
4(398 778 779 399)
4(399 779 780 400)
4(400 780 781 401)
4(401 781 782 402)
4(402 782 783 403)
4(403 783 784 404)
4(404 784 785 405)
4(405 785 786 406)
4(406 786 787 407)
4(407 787 788 408)
4(408 788 789 409)
4(409 789 790 410)
4(410 790 791 411)
4(411 791 792 412)
4(412 792 793 413)
4(413 793 794 414)
4(414 794 795 415)
4(415 795 796 416)
4(416 796 797 417)
4(417 797 798 418)
4(418 798 799 419)
4(419 799 800 420)
4(420 800 801 421)
4(421 801 802 422)
4(422 802 803 423)
4(423 803 804 424)
4(424 804 805 425)
4(425 805 806 426)
4(426 806 807 427)
4(427 807 808 428)
4(428 808 809 429)
4(429 809 810 430)
4(430 810 811 431)
4(431 811 812 432)
4(432 812 813 433)
4(433 813 814 434)
4(434 814 815 435)
4(435 815 816 436)
4(436 816 817 437)
4(437 817 818 438)
4(438 818 819 439)
4(439 819 820 440)
4(440 820 821 441)
4(441 821 822 442)
4(442 822 823 443)
4(443 823 824 444)
4(444 824 825 445)
4(445 825 826 446)
4(446 826 827 447)
4(447 827 828 448)
4(448 828 829 449)
4(449 829 830 450)
4(450 830 831 451)
4(451 831 832 452)
4(452 832 833 453)
4(453 833 834 454)
4(454 834 835 455)
4(455 835 2626 2321)
4(2321 2626 2687 2382)
4(2382 2687 2748 2443)
4(2443 2748 2809 2504)
4(2504 2809 2870 2565)
4(2565 2870 2871 2566)
4(2566 2871 2872 2567)
4(2567 2872 2873 2568)
4(2568 2873 2874 2569)
4(2569 2874 2875 2570)
4(2570 2875 2876 2571)
4(2571 2876 2877 2572)
4(2572 2877 2878 2573)
4(2573 2878 2879 2574)
4(2574 2879 2880 2575)
4(2575 2880 2881 2576)
4(2576 2881 2882 2577)
4(2577 2882 2883 2578)
4(2578 2883 2884 2579)
4(2579 2884 2885 2580)
4(2580 2885 2886 2581)
4(2581 2886 2887 2582)
4(2582 2887 2888 2583)
4(2583 2888 2889 2584)
4(2584 2889 2890 2585)
4(2585 2890 2891 2586)
4(2586 2891 2892 2587)
4(2587 2892 2893 2588)
4(2588 2893 2894 2589)
4(2589 2894 2895 2590)
4(2590 2895 2896 2591)
4(2591 2896 2897 2592)
4(2592 2897 2898 2593)
4(2593 2898 2899 2594)
4(2594 2899 2900 2595)
4(2595 2900 2901 2596)
4(2596 2901 2902 2597)
4(2597 2902 2903 2598)
4(2598 2903 2904 2599)
4(2599 2904 2905 2600)
4(2600 2905 2906 2601)
4(2601 2906 2907 2602)
4(2602 2907 2908 2603)
4(2603 2908 2909 2604)
4(2604 2909 2910 2605)
4(2605 2910 2911 2606)
4(2606 2911 2912 2607)
4(2607 2912 2913 2608)
4(2608 2913 2914 2609)
4(2609 2914 2915 2610)
4(2610 2915 2916 2611)
4(2611 2916 2917 2612)
4(2612 2917 2918 2613)
4(2613 2918 2919 2614)
4(2614 2919 2920 2615)
4(2615 2920 2921 2616)
4(2616 2921 2922 2617)
4(2617 2922 2923 2618)
4(2618 2923 2924 2619)
4(2619 2924 2925 2620)
4(2620 2925 2926 2621)
4(2621 2926 2927 2622)
4(2622 2927 2928 2623)
4(2623 2928 2929 2624)
4(2624 2929 2930 2625)
4(1195 2381 2686 1495)
4(2381 2442 2747 2686)
4(2442 2503 2808 2747)
4(2503 2564 2869 2808)
4(2564 2625 2930 2869)
4(1195 1495 2246 1871)
4(1871 2246 2247 1872)
4(1872 2247 2248 1873)
4(1873 2248 2249 1874)
4(1874 2249 2250 1875)
4(1875 2250 2251 1876)
4(1876 2251 2252 1877)
4(1877 2252 2253 1878)
4(1878 2253 2254 1879)
4(1879 2254 2255 1880)
4(1880 2255 2256 1881)
4(1881 2256 2257 1882)
4(1882 2257 2258 1883)
4(1883 2258 2259 1884)
4(1884 2259 2260 1885)
4(1885 2260 2261 1886)
4(1886 2261 2262 1887)
4(1887 2262 2263 1888)
4(1888 2263 2264 1889)
4(1889 2264 2265 1890)
4(1890 2265 2266 1891)
4(1891 2266 2267 1892)
4(1892 2267 2268 1893)
4(1893 2268 2269 1894)
4(1894 2269 2270 1895)
4(1895 2270 2271 1896)
4(1896 2271 2272 1897)
4(1897 2272 2273 1898)
4(1898 2273 2274 1899)
4(1899 2274 2275 1900)
4(1900 2275 2276 1901)
4(1901 2276 2277 1902)
4(1902 2277 2278 1903)
4(1903 2278 2279 1904)
4(1904 2279 2280 1905)
4(1905 2280 2281 1906)
4(1906 2281 2282 1907)
4(1907 2282 2283 1908)
4(1908 2283 2284 1909)
4(1909 2284 2285 1910)
4(1910 2285 2286 1911)
4(1911 2286 2287 1912)
4(1912 2287 2288 1913)
4(1913 2288 2289 1914)
4(1914 2289 2290 1915)
4(1915 2290 2291 1916)
4(1916 2291 2292 1917)
4(1917 2292 2293 1918)
4(1918 2293 2294 1919)
4(1919 2294 2295 1920)
4(1920 2295 2296 1921)
4(1921 2296 2297 1922)
4(1922 2297 2298 1923)
4(1923 2298 2299 1924)
4(1924 2299 2300 1925)
4(1925 2300 2301 1926)
4(1926 2301 2302 1927)
4(1927 2302 2303 1928)
4(1928 2303 2304 1929)
4(1929 2304 2305 1930)
4(1930 2305 2306 1931)
4(1931 2306 2307 1932)
4(1932 2307 2308 1933)
4(1933 2308 2309 1934)
4(1934 2309 2310 1935)
4(1935 2310 2311 1936)
4(1936 2311 2312 1937)
4(1937 2312 2313 1938)
4(1938 2313 2314 1939)
4(1939 2314 2315 1940)
4(1940 2315 2316 1941)
4(1941 2316 2317 1942)
4(1942 2317 2318 1943)
4(1943 2318 2319 1944)
4(1944 2319 2320 1945)
4(0 76 77 1)
4(76 152 153 77)
4(152 228 229 153)
4(228 304 305 229)
4(304 380 381 305)
4(1 77 78 2)
4(77 153 154 78)
4(153 229 230 154)
4(229 305 306 230)
4(305 381 382 306)
4(2 78 79 3)
4(78 154 155 79)
4(154 230 231 155)
4(230 306 307 231)
4(306 382 383 307)
4(3 79 80 4)
4(79 155 156 80)
4(155 231 232 156)
4(231 307 308 232)
4(307 383 384 308)
4(4 80 81 5)
4(80 156 157 81)
4(156 232 233 157)
4(232 308 309 233)
4(308 384 385 309)
4(5 81 82 6)
4(81 157 158 82)
4(157 233 234 158)
4(233 309 310 234)
4(309 385 386 310)
4(6 82 83 7)
4(82 158 159 83)
4(158 234 235 159)
4(234 310 311 235)
4(310 386 387 311)
4(7 83 84 8)
4(83 159 160 84)
4(159 235 236 160)
4(235 311 312 236)
4(311 387 388 312)
4(8 84 85 9)
4(84 160 161 85)
4(160 236 237 161)
4(236 312 313 237)
4(312 388 389 313)
4(9 85 86 10)
4(85 161 162 86)
4(161 237 238 162)
4(237 313 314 238)
4(313 389 390 314)
4(10 86 87 11)
4(86 162 163 87)
4(162 238 239 163)
4(238 314 315 239)
4(314 390 391 315)
4(11 87 88 12)
4(87 163 164 88)
4(163 239 240 164)
4(239 315 316 240)
4(315 391 392 316)
4(12 88 89 13)
4(88 164 165 89)
4(164 240 241 165)
4(240 316 317 241)
4(316 392 393 317)
4(13 89 90 14)
4(89 165 166 90)
4(165 241 242 166)
4(241 317 318 242)
4(317 393 394 318)
4(14 90 91 15)
4(90 166 167 91)
4(166 242 243 167)
4(242 318 319 243)
4(318 394 395 319)
4(15 91 92 16)
4(91 167 168 92)
4(167 243 244 168)
4(243 319 320 244)
4(319 395 396 320)
4(16 92 93 17)
4(92 168 169 93)
4(168 244 245 169)
4(244 320 321 245)
4(320 396 397 321)
4(17 93 94 18)
4(93 169 170 94)
4(169 245 246 170)
4(245 321 322 246)
4(321 397 398 322)
4(18 94 95 19)
4(94 170 171 95)
4(170 246 247 171)
4(246 322 323 247)
4(322 398 399 323)
4(19 95 96 20)
4(95 171 172 96)
4(171 247 248 172)
4(247 323 324 248)
4(323 399 400 324)
4(20 96 97 21)
4(96 172 173 97)
4(172 248 249 173)
4(248 324 325 249)
4(324 400 401 325)
4(21 97 98 22)
4(97 173 174 98)
4(173 249 250 174)
4(249 325 326 250)
4(325 401 402 326)
4(22 98 99 23)
4(98 174 175 99)
4(174 250 251 175)
4(250 326 327 251)
4(326 402 403 327)
4(23 99 100 24)
4(99 175 176 100)
4(175 251 252 176)
4(251 327 328 252)
4(327 403 404 328)
4(24 100 101 25)
4(100 176 177 101)
4(176 252 253 177)
4(252 328 329 253)
4(328 404 405 329)
4(25 101 102 26)
4(101 177 178 102)
4(177 253 254 178)
4(253 329 330 254)
4(329 405 406 330)
4(26 102 103 27)
4(102 178 179 103)
4(178 254 255 179)
4(254 330 331 255)
4(330 406 407 331)
4(27 103 104 28)
4(103 179 180 104)
4(179 255 256 180)
4(255 331 332 256)
4(331 407 408 332)
4(28 104 105 29)
4(104 180 181 105)
4(180 256 257 181)
4(256 332 333 257)
4(332 408 409 333)
4(29 105 106 30)
4(105 181 182 106)
4(181 257 258 182)
4(257 333 334 258)
4(333 409 410 334)
4(30 106 107 31)
4(106 182 183 107)
4(182 258 259 183)
4(258 334 335 259)
4(334 410 411 335)
4(31 107 108 32)
4(107 183 184 108)
4(183 259 260 184)
4(259 335 336 260)
4(335 411 412 336)
4(32 108 109 33)
4(108 184 185 109)
4(184 260 261 185)
4(260 336 337 261)
4(336 412 413 337)
4(33 109 110 34)
4(109 185 186 110)
4(185 261 262 186)
4(261 337 338 262)
4(337 413 414 338)
4(34 110 111 35)
4(110 186 187 111)
4(186 262 263 187)
4(262 338 339 263)
4(338 414 415 339)
4(35 111 112 36)
4(111 187 188 112)
4(187 263 264 188)
4(263 339 340 264)
4(339 415 416 340)
4(36 112 113 37)
4(112 188 189 113)
4(188 264 265 189)
4(264 340 341 265)
4(340 416 417 341)
4(37 113 114 38)
4(113 189 190 114)
4(189 265 266 190)
4(265 341 342 266)
4(341 417 418 342)
4(38 114 115 39)
4(114 190 191 115)
4(190 266 267 191)
4(266 342 343 267)
4(342 418 419 343)
4(39 115 116 40)
4(115 191 192 116)
4(191 267 268 192)
4(267 343 344 268)
4(343 419 420 344)
4(40 116 117 41)
4(116 192 193 117)
4(192 268 269 193)
4(268 344 345 269)
4(344 420 421 345)
4(41 117 118 42)
4(117 193 194 118)
4(193 269 270 194)
4(269 345 346 270)
4(345 421 422 346)
4(42 118 119 43)
4(118 194 195 119)
4(194 270 271 195)
4(270 346 347 271)
4(346 422 423 347)
4(43 119 120 44)
4(119 195 196 120)
4(195 271 272 196)
4(271 347 348 272)
4(347 423 424 348)
4(44 120 121 45)
4(120 196 197 121)
4(196 272 273 197)
4(272 348 349 273)
4(348 424 425 349)
4(45 121 122 46)
4(121 197 198 122)
4(197 273 274 198)
4(273 349 350 274)
4(349 425 426 350)
4(46 122 123 47)
4(122 198 199 123)
4(198 274 275 199)
4(274 350 351 275)
4(350 426 427 351)
4(47 123 124 48)
4(123 199 200 124)
4(199 275 276 200)
4(275 351 352 276)
4(351 427 428 352)
4(48 124 125 49)
4(124 200 201 125)
4(200 276 277 201)
4(276 352 353 277)
4(352 428 429 353)
4(49 125 126 50)
4(125 201 202 126)
4(201 277 278 202)
4(277 353 354 278)
4(353 429 430 354)
4(50 126 127 51)
4(126 202 203 127)
4(202 278 279 203)
4(278 354 355 279)
4(354 430 431 355)
4(51 127 128 52)
4(127 203 204 128)
4(203 279 280 204)
4(279 355 356 280)
4(355 431 432 356)
4(52 128 129 53)
4(128 204 205 129)
4(204 280 281 205)
4(280 356 357 281)
4(356 432 433 357)
4(53 129 130 54)
4(129 205 206 130)
4(205 281 282 206)
4(281 357 358 282)
4(357 433 434 358)
4(54 130 131 55)
4(130 206 207 131)
4(206 282 283 207)
4(282 358 359 283)
4(358 434 435 359)
4(55 131 132 56)
4(131 207 208 132)
4(207 283 284 208)
4(283 359 360 284)
4(359 435 436 360)
4(56 132 133 57)
4(132 208 209 133)
4(208 284 285 209)
4(284 360 361 285)
4(360 436 437 361)
4(57 133 134 58)
4(133 209 210 134)
4(209 285 286 210)
4(285 361 362 286)
4(361 437 438 362)
4(58 134 135 59)
4(134 210 211 135)
4(210 286 287 211)
4(286 362 363 287)
4(362 438 439 363)
4(59 135 136 60)
4(135 211 212 136)
4(211 287 288 212)
4(287 363 364 288)
4(363 439 440 364)
4(60 136 137 61)
4(136 212 213 137)
4(212 288 289 213)
4(288 364 365 289)
4(364 440 441 365)
4(61 137 138 62)
4(137 213 214 138)
4(213 289 290 214)
4(289 365 366 290)
4(365 441 442 366)
4(62 138 139 63)
4(138 214 215 139)
4(214 290 291 215)
4(290 366 367 291)
4(366 442 443 367)
4(63 139 140 64)
4(139 215 216 140)
4(215 291 292 216)
4(291 367 368 292)
4(367 443 444 368)
4(64 140 141 65)
4(140 216 217 141)
4(216 292 293 217)
4(292 368 369 293)
4(368 444 445 369)
4(65 141 142 66)
4(141 217 218 142)
4(217 293 294 218)
4(293 369 370 294)
4(369 445 446 370)
4(66 142 143 67)
4(142 218 219 143)
4(218 294 295 219)
4(294 370 371 295)
4(370 446 447 371)
4(67 143 144 68)
4(143 219 220 144)
4(219 295 296 220)
4(295 371 372 296)
4(371 447 448 372)
4(68 144 145 69)
4(144 220 221 145)
4(220 296 297 221)
4(296 372 373 297)
4(372 448 449 373)
4(69 145 146 70)
4(145 221 222 146)
4(221 297 298 222)
4(297 373 374 298)
4(373 449 450 374)
4(70 146 147 71)
4(146 222 223 147)
4(222 298 299 223)
4(298 374 375 299)
4(374 450 451 375)
4(71 147 148 72)
4(147 223 224 148)
4(223 299 300 224)
4(299 375 376 300)
4(375 451 452 376)
4(72 148 149 73)
4(148 224 225 149)
4(224 300 301 225)
4(300 376 377 301)
4(376 452 453 377)
4(73 149 150 74)
4(149 225 226 150)
4(225 301 302 226)
4(301 377 378 302)
4(377 453 454 378)
4(74 150 151 75)
4(150 226 227 151)
4(226 302 303 227)
4(302 378 379 303)
4(378 454 455 379)
4(75 151 896 836)
4(151 227 956 896)
4(227 303 1016 956)
4(303 379 1076 1016)
4(379 455 1136 1076)
4(836 896 897 837)
4(896 956 957 897)
4(956 1016 1017 957)
4(1016 1076 1077 1017)
4(1076 1136 1137 1077)
4(837 897 898 838)
4(897 957 958 898)
4(957 1017 1018 958)
4(1017 1077 1078 1018)
4(1077 1137 1138 1078)
4(838 898 899 839)
4(898 958 959 899)
4(958 1018 1019 959)
4(1018 1078 1079 1019)
4(1078 1138 1139 1079)
4(839 899 900 840)
4(899 959 960 900)
4(959 1019 1020 960)
4(1019 1079 1080 1020)
4(1079 1139 1140 1080)
4(840 900 901 841)
4(900 960 961 901)
4(960 1020 1021 961)
4(1020 1080 1081 1021)
4(1080 1140 1141 1081)
4(841 901 902 842)
4(901 961 962 902)
4(961 1021 1022 962)
4(1021 1081 1082 1022)
4(1081 1141 1142 1082)
4(842 902 903 843)
4(902 962 963 903)
4(962 1022 1023 963)
4(1022 1082 1083 1023)
4(1082 1142 1143 1083)
4(843 903 904 844)
4(903 963 964 904)
4(963 1023 1024 964)
4(1023 1083 1084 1024)
4(1083 1143 1144 1084)
4(844 904 905 845)
4(904 964 965 905)
4(964 1024 1025 965)
4(1024 1084 1085 1025)
4(1084 1144 1145 1085)
4(845 905 906 846)
4(905 965 966 906)
4(965 1025 1026 966)
4(1025 1085 1086 1026)
4(1085 1145 1146 1086)
4(846 906 907 847)
4(906 966 967 907)
4(966 1026 1027 967)
4(1026 1086 1087 1027)
4(1086 1146 1147 1087)
4(847 907 908 848)
4(907 967 968 908)
4(967 1027 1028 968)
4(1027 1087 1088 1028)
4(1087 1147 1148 1088)
4(848 908 909 849)
4(908 968 969 909)
4(968 1028 1029 969)
4(1028 1088 1089 1029)
4(1088 1148 1149 1089)
4(849 909 910 850)
4(909 969 970 910)
4(969 1029 1030 970)
4(1029 1089 1090 1030)
4(1089 1149 1150 1090)
4(850 910 911 851)
4(910 970 971 911)
4(970 1030 1031 971)
4(1030 1090 1091 1031)
4(1090 1150 1151 1091)
4(851 911 912 852)
4(911 971 972 912)
4(971 1031 1032 972)
4(1031 1091 1092 1032)
4(1091 1151 1152 1092)
4(852 912 913 853)
4(912 972 973 913)
4(972 1032 1033 973)
4(1032 1092 1093 1033)
4(1092 1152 1153 1093)
4(853 913 914 854)
4(913 973 974 914)
4(973 1033 1034 974)
4(1033 1093 1094 1034)
4(1093 1153 1154 1094)
4(854 914 915 855)
4(914 974 975 915)
4(974 1034 1035 975)
4(1034 1094 1095 1035)
4(1094 1154 1155 1095)
4(855 915 916 856)
4(915 975 976 916)
4(975 1035 1036 976)
4(1035 1095 1096 1036)
4(1095 1155 1156 1096)
4(856 916 917 857)
4(916 976 977 917)
4(976 1036 1037 977)
4(1036 1096 1097 1037)
4(1096 1156 1157 1097)
4(857 917 918 858)
4(917 977 978 918)
4(977 1037 1038 978)
4(1037 1097 1098 1038)
4(1097 1157 1158 1098)
4(858 918 919 859)
4(918 978 979 919)
4(978 1038 1039 979)
4(1038 1098 1099 1039)
4(1098 1158 1159 1099)
4(859 919 920 860)
4(919 979 980 920)
4(979 1039 1040 980)
4(1039 1099 1100 1040)
4(1099 1159 1160 1100)
4(860 920 921 861)
4(920 980 981 921)
4(980 1040 1041 981)
4(1040 1100 1101 1041)
4(1100 1160 1161 1101)
4(861 921 922 862)
4(921 981 982 922)
4(981 1041 1042 982)
4(1041 1101 1102 1042)
4(1101 1161 1162 1102)
4(862 922 923 863)
4(922 982 983 923)
4(982 1042 1043 983)
4(1042 1102 1103 1043)
4(1102 1162 1163 1103)
4(863 923 924 864)
4(923 983 984 924)
4(983 1043 1044 984)
4(1043 1103 1104 1044)
4(1103 1163 1164 1104)
4(864 924 925 865)
4(924 984 985 925)
4(984 1044 1045 985)
4(1044 1104 1105 1045)
4(1104 1164 1165 1105)
4(865 925 926 866)
4(925 985 986 926)
4(985 1045 1046 986)
4(1045 1105 1106 1046)
4(1105 1165 1166 1106)
4(866 926 927 867)
4(926 986 987 927)
4(986 1046 1047 987)
4(1046 1106 1107 1047)
4(1106 1166 1167 1107)
4(867 927 928 868)
4(927 987 988 928)
4(987 1047 1048 988)
4(1047 1107 1108 1048)
4(1107 1167 1168 1108)
4(868 928 929 869)
4(928 988 989 929)
4(988 1048 1049 989)
4(1048 1108 1109 1049)
4(1108 1168 1169 1109)
4(869 929 930 870)
4(929 989 990 930)
4(989 1049 1050 990)
4(1049 1109 1110 1050)
4(1109 1169 1170 1110)
4(870 930 931 871)
4(930 990 991 931)
4(990 1050 1051 991)
4(1050 1110 1111 1051)
4(1110 1170 1171 1111)
4(871 931 932 872)
4(931 991 992 932)
4(991 1051 1052 992)
4(1051 1111 1112 1052)
4(1111 1171 1172 1112)
4(872 932 933 873)
4(932 992 993 933)
4(992 1052 1053 993)
4(1052 1112 1113 1053)
4(1112 1172 1173 1113)
4(873 933 934 874)
4(933 993 994 934)
4(993 1053 1054 994)
4(1053 1113 1114 1054)
4(1113 1173 1174 1114)
4(874 934 935 875)
4(934 994 995 935)
4(994 1054 1055 995)
4(1054 1114 1115 1055)
4(1114 1174 1175 1115)
4(875 935 936 876)
4(935 995 996 936)
4(995 1055 1056 996)
4(1055 1115 1116 1056)
4(1115 1175 1176 1116)
4(876 936 937 877)
4(936 996 997 937)
4(996 1056 1057 997)
4(1056 1116 1117 1057)
4(1116 1176 1177 1117)
4(877 937 938 878)
4(937 997 998 938)
4(997 1057 1058 998)
4(1057 1117 1118 1058)
4(1117 1177 1178 1118)
4(878 938 939 879)
4(938 998 999 939)
4(998 1058 1059 999)
4(1058 1118 1119 1059)
4(1118 1178 1179 1119)
4(879 939 940 880)
4(939 999 1000 940)
4(999 1059 1060 1000)
4(1059 1119 1120 1060)
4(1119 1179 1180 1120)
4(880 940 941 881)
4(940 1000 1001 941)
4(1000 1060 1061 1001)
4(1060 1120 1121 1061)
4(1120 1180 1181 1121)
4(881 941 942 882)
4(941 1001 1002 942)
4(1001 1061 1062 1002)
4(1061 1121 1122 1062)
4(1121 1181 1182 1122)
4(882 942 943 883)
4(942 1002 1003 943)
4(1002 1062 1063 1003)
4(1062 1122 1123 1063)
4(1122 1182 1183 1123)
4(883 943 944 884)
4(943 1003 1004 944)
4(1003 1063 1064 1004)
4(1063 1123 1124 1064)
4(1123 1183 1184 1124)
4(884 944 945 885)
4(944 1004 1005 945)
4(1004 1064 1065 1005)
4(1064 1124 1125 1065)
4(1124 1184 1185 1125)
4(885 945 946 886)
4(945 1005 1006 946)
4(1005 1065 1066 1006)
4(1065 1125 1126 1066)
4(1125 1185 1186 1126)
4(886 946 947 887)
4(946 1006 1007 947)
4(1006 1066 1067 1007)
4(1066 1126 1127 1067)
4(1126 1186 1187 1127)
4(887 947 948 888)
4(947 1007 1008 948)
4(1007 1067 1068 1008)
4(1067 1127 1128 1068)
4(1127 1187 1188 1128)
4(888 948 949 889)
4(948 1008 1009 949)
4(1008 1068 1069 1009)
4(1068 1128 1129 1069)
4(1128 1188 1189 1129)
4(889 949 950 890)
4(949 1009 1010 950)
4(1009 1069 1070 1010)
4(1069 1129 1130 1070)
4(1129 1189 1190 1130)
4(890 950 951 891)
4(950 1010 1011 951)
4(1010 1070 1071 1011)
4(1070 1130 1131 1071)
4(1130 1190 1191 1131)
4(891 951 952 892)
4(951 1011 1012 952)
4(1011 1071 1072 1012)
4(1071 1131 1132 1072)
4(1131 1191 1192 1132)
4(892 952 953 893)
4(952 1012 1013 953)
4(1012 1072 1073 1013)
4(1072 1132 1133 1073)
4(1132 1192 1193 1133)
4(893 953 954 894)
4(953 1013 1014 954)
4(1013 1073 1074 1014)
4(1073 1133 1134 1074)
4(1133 1193 1194 1134)
4(894 954 955 895)
4(954 1014 1015 955)
4(1014 1074 1075 1015)
4(1074 1134 1135 1075)
4(1134 1194 1195 1135)
4(895 955 1571 1496)
4(955 1015 1646 1571)
4(1015 1075 1721 1646)
4(1075 1135 1796 1721)
4(1135 1195 1871 1796)
4(1496 1571 1572 1497)
4(1571 1646 1647 1572)
4(1646 1721 1722 1647)
4(1721 1796 1797 1722)
4(1796 1871 1872 1797)
4(1497 1572 1573 1498)
4(1572 1647 1648 1573)
4(1647 1722 1723 1648)
4(1722 1797 1798 1723)
4(1797 1872 1873 1798)
4(1498 1573 1574 1499)
4(1573 1648 1649 1574)
4(1648 1723 1724 1649)
4(1723 1798 1799 1724)
4(1798 1873 1874 1799)
4(1499 1574 1575 1500)
4(1574 1649 1650 1575)
4(1649 1724 1725 1650)
4(1724 1799 1800 1725)
4(1799 1874 1875 1800)
4(1500 1575 1576 1501)
4(1575 1650 1651 1576)
4(1650 1725 1726 1651)
4(1725 1800 1801 1726)
4(1800 1875 1876 1801)
4(1501 1576 1577 1502)
4(1576 1651 1652 1577)
4(1651 1726 1727 1652)
4(1726 1801 1802 1727)
4(1801 1876 1877 1802)
4(1502 1577 1578 1503)
4(1577 1652 1653 1578)
4(1652 1727 1728 1653)
4(1727 1802 1803 1728)
4(1802 1877 1878 1803)
4(1503 1578 1579 1504)
4(1578 1653 1654 1579)
4(1653 1728 1729 1654)
4(1728 1803 1804 1729)
4(1803 1878 1879 1804)
4(1504 1579 1580 1505)
4(1579 1654 1655 1580)
4(1654 1729 1730 1655)
4(1729 1804 1805 1730)
4(1804 1879 1880 1805)
4(1505 1580 1581 1506)
4(1580 1655 1656 1581)
4(1655 1730 1731 1656)
4(1730 1805 1806 1731)
4(1805 1880 1881 1806)
4(1506 1581 1582 1507)
4(1581 1656 1657 1582)
4(1656 1731 1732 1657)
4(1731 1806 1807 1732)
4(1806 1881 1882 1807)
4(1507 1582 1583 1508)
4(1582 1657 1658 1583)
4(1657 1732 1733 1658)
4(1732 1807 1808 1733)
4(1807 1882 1883 1808)
4(1508 1583 1584 1509)
4(1583 1658 1659 1584)
4(1658 1733 1734 1659)
4(1733 1808 1809 1734)
4(1808 1883 1884 1809)
4(1509 1584 1585 1510)
4(1584 1659 1660 1585)
4(1659 1734 1735 1660)
4(1734 1809 1810 1735)
4(1809 1884 1885 1810)
4(1510 1585 1586 1511)
4(1585 1660 1661 1586)
4(1660 1735 1736 1661)
4(1735 1810 1811 1736)
4(1810 1885 1886 1811)
4(1511 1586 1587 1512)
4(1586 1661 1662 1587)
4(1661 1736 1737 1662)
4(1736 1811 1812 1737)
4(1811 1886 1887 1812)
4(1512 1587 1588 1513)
4(1587 1662 1663 1588)
4(1662 1737 1738 1663)
4(1737 1812 1813 1738)
4(1812 1887 1888 1813)
4(1513 1588 1589 1514)
4(1588 1663 1664 1589)
4(1663 1738 1739 1664)
4(1738 1813 1814 1739)
4(1813 1888 1889 1814)
4(1514 1589 1590 1515)
4(1589 1664 1665 1590)
4(1664 1739 1740 1665)
4(1739 1814 1815 1740)
4(1814 1889 1890 1815)
4(1515 1590 1591 1516)
4(1590 1665 1666 1591)
4(1665 1740 1741 1666)
4(1740 1815 1816 1741)
4(1815 1890 1891 1816)
4(1516 1591 1592 1517)
4(1591 1666 1667 1592)
4(1666 1741 1742 1667)
4(1741 1816 1817 1742)
4(1816 1891 1892 1817)
4(1517 1592 1593 1518)
4(1592 1667 1668 1593)
4(1667 1742 1743 1668)
4(1742 1817 1818 1743)
4(1817 1892 1893 1818)
4(1518 1593 1594 1519)
4(1593 1668 1669 1594)
4(1668 1743 1744 1669)
4(1743 1818 1819 1744)
4(1818 1893 1894 1819)
4(1519 1594 1595 1520)
4(1594 1669 1670 1595)
4(1669 1744 1745 1670)
4(1744 1819 1820 1745)
4(1819 1894 1895 1820)
4(1520 1595 1596 1521)
4(1595 1670 1671 1596)
4(1670 1745 1746 1671)
4(1745 1820 1821 1746)
4(1820 1895 1896 1821)
4(1521 1596 1597 1522)
4(1596 1671 1672 1597)
4(1671 1746 1747 1672)
4(1746 1821 1822 1747)
4(1821 1896 1897 1822)
4(1522 1597 1598 1523)
4(1597 1672 1673 1598)
4(1672 1747 1748 1673)
4(1747 1822 1823 1748)
4(1822 1897 1898 1823)
4(1523 1598 1599 1524)
4(1598 1673 1674 1599)
4(1673 1748 1749 1674)
4(1748 1823 1824 1749)
4(1823 1898 1899 1824)
4(1524 1599 1600 1525)
4(1599 1674 1675 1600)
4(1674 1749 1750 1675)
4(1749 1824 1825 1750)
4(1824 1899 1900 1825)
4(1525 1600 1601 1526)
4(1600 1675 1676 1601)
4(1675 1750 1751 1676)
4(1750 1825 1826 1751)
4(1825 1900 1901 1826)
4(1526 1601 1602 1527)
4(1601 1676 1677 1602)
4(1676 1751 1752 1677)
4(1751 1826 1827 1752)
4(1826 1901 1902 1827)
4(1527 1602 1603 1528)
4(1602 1677 1678 1603)
4(1677 1752 1753 1678)
4(1752 1827 1828 1753)
4(1827 1902 1903 1828)
4(1528 1603 1604 1529)
4(1603 1678 1679 1604)
4(1678 1753 1754 1679)
4(1753 1828 1829 1754)
4(1828 1903 1904 1829)
4(1529 1604 1605 1530)
4(1604 1679 1680 1605)
4(1679 1754 1755 1680)
4(1754 1829 1830 1755)
4(1829 1904 1905 1830)
4(1530 1605 1606 1531)
4(1605 1680 1681 1606)
4(1680 1755 1756 1681)
4(1755 1830 1831 1756)
4(1830 1905 1906 1831)
4(1531 1606 1607 1532)
4(1606 1681 1682 1607)
4(1681 1756 1757 1682)
4(1756 1831 1832 1757)
4(1831 1906 1907 1832)
4(1532 1607 1608 1533)
4(1607 1682 1683 1608)
4(1682 1757 1758 1683)
4(1757 1832 1833 1758)
4(1832 1907 1908 1833)
4(1533 1608 1609 1534)
4(1608 1683 1684 1609)
4(1683 1758 1759 1684)
4(1758 1833 1834 1759)
4(1833 1908 1909 1834)
4(1534 1609 1610 1535)
4(1609 1684 1685 1610)
4(1684 1759 1760 1685)
4(1759 1834 1835 1760)
4(1834 1909 1910 1835)
4(1535 1610 1611 1536)
4(1610 1685 1686 1611)
4(1685 1760 1761 1686)
4(1760 1835 1836 1761)
4(1835 1910 1911 1836)
4(1536 1611 1612 1537)
4(1611 1686 1687 1612)
4(1686 1761 1762 1687)
4(1761 1836 1837 1762)
4(1836 1911 1912 1837)
4(1537 1612 1613 1538)
4(1612 1687 1688 1613)
4(1687 1762 1763 1688)
4(1762 1837 1838 1763)
4(1837 1912 1913 1838)
4(1538 1613 1614 1539)
4(1613 1688 1689 1614)
4(1688 1763 1764 1689)
4(1763 1838 1839 1764)
4(1838 1913 1914 1839)
4(1539 1614 1615 1540)
4(1614 1689 1690 1615)
4(1689 1764 1765 1690)
4(1764 1839 1840 1765)
4(1839 1914 1915 1840)
4(1540 1615 1616 1541)
4(1615 1690 1691 1616)
4(1690 1765 1766 1691)
4(1765 1840 1841 1766)
4(1840 1915 1916 1841)
4(1541 1616 1617 1542)
4(1616 1691 1692 1617)
4(1691 1766 1767 1692)
4(1766 1841 1842 1767)
4(1841 1916 1917 1842)
4(1542 1617 1618 1543)
4(1617 1692 1693 1618)
4(1692 1767 1768 1693)
4(1767 1842 1843 1768)
4(1842 1917 1918 1843)
4(1543 1618 1619 1544)
4(1618 1693 1694 1619)
4(1693 1768 1769 1694)
4(1768 1843 1844 1769)
4(1843 1918 1919 1844)
4(1544 1619 1620 1545)
4(1619 1694 1695 1620)
4(1694 1769 1770 1695)
4(1769 1844 1845 1770)
4(1844 1919 1920 1845)
4(1545 1620 1621 1546)
4(1620 1695 1696 1621)
4(1695 1770 1771 1696)
4(1770 1845 1846 1771)
4(1845 1920 1921 1846)
4(1546 1621 1622 1547)
4(1621 1696 1697 1622)
4(1696 1771 1772 1697)
4(1771 1846 1847 1772)
4(1846 1921 1922 1847)
4(1547 1622 1623 1548)
4(1622 1697 1698 1623)
4(1697 1772 1773 1698)
4(1772 1847 1848 1773)
4(1847 1922 1923 1848)
4(1548 1623 1624 1549)
4(1623 1698 1699 1624)
4(1698 1773 1774 1699)
4(1773 1848 1849 1774)
4(1848 1923 1924 1849)
4(1549 1624 1625 1550)
4(1624 1699 1700 1625)
4(1699 1774 1775 1700)
4(1774 1849 1850 1775)
4(1849 1924 1925 1850)
4(1550 1625 1626 1551)
4(1625 1700 1701 1626)
4(1700 1775 1776 1701)
4(1775 1850 1851 1776)
4(1850 1925 1926 1851)
4(1551 1626 1627 1552)
4(1626 1701 1702 1627)
4(1701 1776 1777 1702)
4(1776 1851 1852 1777)
4(1851 1926 1927 1852)
4(1552 1627 1628 1553)
4(1627 1702 1703 1628)
4(1702 1777 1778 1703)
4(1777 1852 1853 1778)
4(1852 1927 1928 1853)
4(1553 1628 1629 1554)
4(1628 1703 1704 1629)
4(1703 1778 1779 1704)
4(1778 1853 1854 1779)
4(1853 1928 1929 1854)
4(1554 1629 1630 1555)
4(1629 1704 1705 1630)
4(1704 1779 1780 1705)
4(1779 1854 1855 1780)
4(1854 1929 1930 1855)
4(1555 1630 1631 1556)
4(1630 1705 1706 1631)
4(1705 1780 1781 1706)
4(1780 1855 1856 1781)
4(1855 1930 1931 1856)
4(1556 1631 1632 1557)
4(1631 1706 1707 1632)
4(1706 1781 1782 1707)
4(1781 1856 1857 1782)
4(1856 1931 1932 1857)
4(1557 1632 1633 1558)
4(1632 1707 1708 1633)
4(1707 1782 1783 1708)
4(1782 1857 1858 1783)
4(1857 1932 1933 1858)
4(1558 1633 1634 1559)
4(1633 1708 1709 1634)
4(1708 1783 1784 1709)
4(1783 1858 1859 1784)
4(1858 1933 1934 1859)
4(1559 1634 1635 1560)
4(1634 1709 1710 1635)
4(1709 1784 1785 1710)
4(1784 1859 1860 1785)
4(1859 1934 1935 1860)
4(1560 1635 1636 1561)
4(1635 1710 1711 1636)
4(1710 1785 1786 1711)
4(1785 1860 1861 1786)
4(1860 1935 1936 1861)
4(1561 1636 1637 1562)
4(1636 1711 1712 1637)
4(1711 1786 1787 1712)
4(1786 1861 1862 1787)
4(1861 1936 1937 1862)
4(1562 1637 1638 1563)
4(1637 1712 1713 1638)
4(1712 1787 1788 1713)
4(1787 1862 1863 1788)
4(1862 1937 1938 1863)
4(1563 1638 1639 1564)
4(1638 1713 1714 1639)
4(1713 1788 1789 1714)
4(1788 1863 1864 1789)
4(1863 1938 1939 1864)
4(1564 1639 1640 1565)
4(1639 1714 1715 1640)
4(1714 1789 1790 1715)
4(1789 1864 1865 1790)
4(1864 1939 1940 1865)
4(1565 1640 1641 1566)
4(1640 1715 1716 1641)
4(1715 1790 1791 1716)
4(1790 1865 1866 1791)
4(1865 1940 1941 1866)
4(1566 1641 1642 1567)
4(1641 1716 1717 1642)
4(1716 1791 1792 1717)
4(1791 1866 1867 1792)
4(1866 1941 1942 1867)
4(1567 1642 1643 1568)
4(1642 1717 1718 1643)
4(1717 1792 1793 1718)
4(1792 1867 1868 1793)
4(1867 1942 1943 1868)
4(1568 1643 1644 1569)
4(1643 1718 1719 1644)
4(1718 1793 1794 1719)
4(1793 1868 1869 1794)
4(1868 1943 1944 1869)
4(1569 1644 1645 1570)
4(1644 1719 1720 1645)
4(1719 1794 1795 1720)
4(1794 1869 1870 1795)
4(1869 1944 1945 1870)
4(455 2321 2322 1136)
4(2321 2382 2383 2322)
4(2382 2443 2444 2383)
4(2443 2504 2505 2444)
4(2504 2565 2566 2505)
4(1136 2322 2323 1137)
4(2322 2383 2384 2323)
4(2383 2444 2445 2384)
4(2444 2505 2506 2445)
4(2505 2566 2567 2506)
4(1137 2323 2324 1138)
4(2323 2384 2385 2324)
4(2384 2445 2446 2385)
4(2445 2506 2507 2446)
4(2506 2567 2568 2507)
4(1138 2324 2325 1139)
4(2324 2385 2386 2325)
4(2385 2446 2447 2386)
4(2446 2507 2508 2447)
4(2507 2568 2569 2508)
4(1139 2325 2326 1140)
4(2325 2386 2387 2326)
4(2386 2447 2448 2387)
4(2447 2508 2509 2448)
4(2508 2569 2570 2509)
4(1140 2326 2327 1141)
4(2326 2387 2388 2327)
4(2387 2448 2449 2388)
4(2448 2509 2510 2449)
4(2509 2570 2571 2510)
4(1141 2327 2328 1142)
4(2327 2388 2389 2328)
4(2388 2449 2450 2389)
4(2449 2510 2511 2450)
4(2510 2571 2572 2511)
4(1142 2328 2329 1143)
4(2328 2389 2390 2329)
4(2389 2450 2451 2390)
4(2450 2511 2512 2451)
4(2511 2572 2573 2512)
4(1143 2329 2330 1144)
4(2329 2390 2391 2330)
4(2390 2451 2452 2391)
4(2451 2512 2513 2452)
4(2512 2573 2574 2513)
4(1144 2330 2331 1145)
4(2330 2391 2392 2331)
4(2391 2452 2453 2392)
4(2452 2513 2514 2453)
4(2513 2574 2575 2514)
4(1145 2331 2332 1146)
4(2331 2392 2393 2332)
4(2392 2453 2454 2393)
4(2453 2514 2515 2454)
4(2514 2575 2576 2515)
4(1146 2332 2333 1147)
4(2332 2393 2394 2333)
4(2393 2454 2455 2394)
4(2454 2515 2516 2455)
4(2515 2576 2577 2516)
4(1147 2333 2334 1148)
4(2333 2394 2395 2334)
4(2394 2455 2456 2395)
4(2455 2516 2517 2456)
4(2516 2577 2578 2517)
4(1148 2334 2335 1149)
4(2334 2395 2396 2335)
4(2395 2456 2457 2396)
4(2456 2517 2518 2457)
4(2517 2578 2579 2518)
4(1149 2335 2336 1150)
4(2335 2396 2397 2336)
4(2396 2457 2458 2397)
4(2457 2518 2519 2458)
4(2518 2579 2580 2519)
4(1150 2336 2337 1151)
4(2336 2397 2398 2337)
4(2397 2458 2459 2398)
4(2458 2519 2520 2459)
4(2519 2580 2581 2520)
4(1151 2337 2338 1152)
4(2337 2398 2399 2338)
4(2398 2459 2460 2399)
4(2459 2520 2521 2460)
4(2520 2581 2582 2521)
4(1152 2338 2339 1153)
4(2338 2399 2400 2339)
4(2399 2460 2461 2400)
4(2460 2521 2522 2461)
4(2521 2582 2583 2522)
4(1153 2339 2340 1154)
4(2339 2400 2401 2340)
4(2400 2461 2462 2401)
4(2461 2522 2523 2462)
4(2522 2583 2584 2523)
4(1154 2340 2341 1155)
4(2340 2401 2402 2341)
4(2401 2462 2463 2402)
4(2462 2523 2524 2463)
4(2523 2584 2585 2524)
4(1155 2341 2342 1156)
4(2341 2402 2403 2342)
4(2402 2463 2464 2403)
4(2463 2524 2525 2464)
4(2524 2585 2586 2525)
4(1156 2342 2343 1157)
4(2342 2403 2404 2343)
4(2403 2464 2465 2404)
4(2464 2525 2526 2465)
4(2525 2586 2587 2526)
4(1157 2343 2344 1158)
4(2343 2404 2405 2344)
4(2404 2465 2466 2405)
4(2465 2526 2527 2466)
4(2526 2587 2588 2527)
4(1158 2344 2345 1159)
4(2344 2405 2406 2345)
4(2405 2466 2467 2406)
4(2466 2527 2528 2467)
4(2527 2588 2589 2528)
4(1159 2345 2346 1160)
4(2345 2406 2407 2346)
4(2406 2467 2468 2407)
4(2467 2528 2529 2468)
4(2528 2589 2590 2529)
4(1160 2346 2347 1161)
4(2346 2407 2408 2347)
4(2407 2468 2469 2408)
4(2468 2529 2530 2469)
4(2529 2590 2591 2530)
4(1161 2347 2348 1162)
4(2347 2408 2409 2348)
4(2408 2469 2470 2409)
4(2469 2530 2531 2470)
4(2530 2591 2592 2531)
4(1162 2348 2349 1163)
4(2348 2409 2410 2349)
4(2409 2470 2471 2410)
4(2470 2531 2532 2471)
4(2531 2592 2593 2532)
4(1163 2349 2350 1164)
4(2349 2410 2411 2350)
4(2410 2471 2472 2411)
4(2471 2532 2533 2472)
4(2532 2593 2594 2533)
4(1164 2350 2351 1165)
4(2350 2411 2412 2351)
4(2411 2472 2473 2412)
4(2472 2533 2534 2473)
4(2533 2594 2595 2534)
4(1165 2351 2352 1166)
4(2351 2412 2413 2352)
4(2412 2473 2474 2413)
4(2473 2534 2535 2474)
4(2534 2595 2596 2535)
4(1166 2352 2353 1167)
4(2352 2413 2414 2353)
4(2413 2474 2475 2414)
4(2474 2535 2536 2475)
4(2535 2596 2597 2536)
4(1167 2353 2354 1168)
4(2353 2414 2415 2354)
4(2414 2475 2476 2415)
4(2475 2536 2537 2476)
4(2536 2597 2598 2537)
4(1168 2354 2355 1169)
4(2354 2415 2416 2355)
4(2415 2476 2477 2416)
4(2476 2537 2538 2477)
4(2537 2598 2599 2538)
4(1169 2355 2356 1170)
4(2355 2416 2417 2356)
4(2416 2477 2478 2417)
4(2477 2538 2539 2478)
4(2538 2599 2600 2539)
4(1170 2356 2357 1171)
4(2356 2417 2418 2357)
4(2417 2478 2479 2418)
4(2478 2539 2540 2479)
4(2539 2600 2601 2540)
4(1171 2357 2358 1172)
4(2357 2418 2419 2358)
4(2418 2479 2480 2419)
4(2479 2540 2541 2480)
4(2540 2601 2602 2541)
4(1172 2358 2359 1173)
4(2358 2419 2420 2359)
4(2419 2480 2481 2420)
4(2480 2541 2542 2481)
4(2541 2602 2603 2542)
4(1173 2359 2360 1174)
4(2359 2420 2421 2360)
4(2420 2481 2482 2421)
4(2481 2542 2543 2482)
4(2542 2603 2604 2543)
4(1174 2360 2361 1175)
4(2360 2421 2422 2361)
4(2421 2482 2483 2422)
4(2482 2543 2544 2483)
4(2543 2604 2605 2544)
4(1175 2361 2362 1176)
4(2361 2422 2423 2362)
4(2422 2483 2484 2423)
4(2483 2544 2545 2484)
4(2544 2605 2606 2545)
4(1176 2362 2363 1177)
4(2362 2423 2424 2363)
4(2423 2484 2485 2424)
4(2484 2545 2546 2485)
4(2545 2606 2607 2546)
4(1177 2363 2364 1178)
4(2363 2424 2425 2364)
4(2424 2485 2486 2425)
4(2485 2546 2547 2486)
4(2546 2607 2608 2547)
4(1178 2364 2365 1179)
4(2364 2425 2426 2365)
4(2425 2486 2487 2426)
4(2486 2547 2548 2487)
4(2547 2608 2609 2548)
4(1179 2365 2366 1180)
4(2365 2426 2427 2366)
4(2426 2487 2488 2427)
4(2487 2548 2549 2488)
4(2548 2609 2610 2549)
4(1180 2366 2367 1181)
4(2366 2427 2428 2367)
4(2427 2488 2489 2428)
4(2488 2549 2550 2489)
4(2549 2610 2611 2550)
4(1181 2367 2368 1182)
4(2367 2428 2429 2368)
4(2428 2489 2490 2429)
4(2489 2550 2551 2490)
4(2550 2611 2612 2551)
4(1182 2368 2369 1183)
4(2368 2429 2430 2369)
4(2429 2490 2491 2430)
4(2490 2551 2552 2491)
4(2551 2612 2613 2552)
4(1183 2369 2370 1184)
4(2369 2430 2431 2370)
4(2430 2491 2492 2431)
4(2491 2552 2553 2492)
4(2552 2613 2614 2553)
4(1184 2370 2371 1185)
4(2370 2431 2432 2371)
4(2431 2492 2493 2432)
4(2492 2553 2554 2493)
4(2553 2614 2615 2554)
4(1185 2371 2372 1186)
4(2371 2432 2433 2372)
4(2432 2493 2494 2433)
4(2493 2554 2555 2494)
4(2554 2615 2616 2555)
4(1186 2372 2373 1187)
4(2372 2433 2434 2373)
4(2433 2494 2495 2434)
4(2494 2555 2556 2495)
4(2555 2616 2617 2556)
4(1187 2373 2374 1188)
4(2373 2434 2435 2374)
4(2434 2495 2496 2435)
4(2495 2556 2557 2496)
4(2556 2617 2618 2557)
4(1188 2374 2375 1189)
4(2374 2435 2436 2375)
4(2435 2496 2497 2436)
4(2496 2557 2558 2497)
4(2557 2618 2619 2558)
4(1189 2375 2376 1190)
4(2375 2436 2437 2376)
4(2436 2497 2498 2437)
4(2497 2558 2559 2498)
4(2558 2619 2620 2559)
4(1190 2376 2377 1191)
4(2376 2437 2438 2377)
4(2437 2498 2499 2438)
4(2498 2559 2560 2499)
4(2559 2620 2621 2560)
4(1191 2377 2378 1192)
4(2377 2438 2439 2378)
4(2438 2499 2500 2439)
4(2499 2560 2561 2500)
4(2560 2621 2622 2561)
4(1192 2378 2379 1193)
4(2378 2439 2440 2379)
4(2439 2500 2501 2440)
4(2500 2561 2562 2501)
4(2561 2622 2623 2562)
4(1193 2379 2380 1194)
4(2379 2440 2441 2380)
4(2440 2501 2502 2441)
4(2501 2562 2563 2502)
4(2562 2623 2624 2563)
4(1194 2380 2381 1195)
4(2380 2441 2442 2381)
4(2441 2502 2503 2442)
4(2502 2563 2564 2503)
4(2563 2624 2625 2564)
4(0 1 457 456)
4(456 457 533 532)
4(532 533 609 608)
4(608 609 685 684)
4(684 685 761 760)
4(1 2 458 457)
4(457 458 534 533)
4(533 534 610 609)
4(609 610 686 685)
4(685 686 762 761)
4(2 3 459 458)
4(458 459 535 534)
4(534 535 611 610)
4(610 611 687 686)
4(686 687 763 762)
4(3 4 460 459)
4(459 460 536 535)
4(535 536 612 611)
4(611 612 688 687)
4(687 688 764 763)
4(4 5 461 460)
4(460 461 537 536)
4(536 537 613 612)
4(612 613 689 688)
4(688 689 765 764)
4(5 6 462 461)
4(461 462 538 537)
4(537 538 614 613)
4(613 614 690 689)
4(689 690 766 765)
4(6 7 463 462)
4(462 463 539 538)
4(538 539 615 614)
4(614 615 691 690)
4(690 691 767 766)
4(7 8 464 463)
4(463 464 540 539)
4(539 540 616 615)
4(615 616 692 691)
4(691 692 768 767)
4(8 9 465 464)
4(464 465 541 540)
4(540 541 617 616)
4(616 617 693 692)
4(692 693 769 768)
4(9 10 466 465)
4(465 466 542 541)
4(541 542 618 617)
4(617 618 694 693)
4(693 694 770 769)
4(10 11 467 466)
4(466 467 543 542)
4(542 543 619 618)
4(618 619 695 694)
4(694 695 771 770)
4(11 12 468 467)
4(467 468 544 543)
4(543 544 620 619)
4(619 620 696 695)
4(695 696 772 771)
4(12 13 469 468)
4(468 469 545 544)
4(544 545 621 620)
4(620 621 697 696)
4(696 697 773 772)
4(13 14 470 469)
4(469 470 546 545)
4(545 546 622 621)
4(621 622 698 697)
4(697 698 774 773)
4(14 15 471 470)
4(470 471 547 546)
4(546 547 623 622)
4(622 623 699 698)
4(698 699 775 774)
4(15 16 472 471)
4(471 472 548 547)
4(547 548 624 623)
4(623 624 700 699)
4(699 700 776 775)
4(16 17 473 472)
4(472 473 549 548)
4(548 549 625 624)
4(624 625 701 700)
4(700 701 777 776)
4(17 18 474 473)
4(473 474 550 549)
4(549 550 626 625)
4(625 626 702 701)
4(701 702 778 777)
4(18 19 475 474)
4(474 475 551 550)
4(550 551 627 626)
4(626 627 703 702)
4(702 703 779 778)
4(19 20 476 475)
4(475 476 552 551)
4(551 552 628 627)
4(627 628 704 703)
4(703 704 780 779)
4(20 21 477 476)
4(476 477 553 552)
4(552 553 629 628)
4(628 629 705 704)
4(704 705 781 780)
4(21 22 478 477)
4(477 478 554 553)
4(553 554 630 629)
4(629 630 706 705)
4(705 706 782 781)
4(22 23 479 478)
4(478 479 555 554)
4(554 555 631 630)
4(630 631 707 706)
4(706 707 783 782)
4(23 24 480 479)
4(479 480 556 555)
4(555 556 632 631)
4(631 632 708 707)
4(707 708 784 783)
4(24 25 481 480)
4(480 481 557 556)
4(556 557 633 632)
4(632 633 709 708)
4(708 709 785 784)
4(25 26 482 481)
4(481 482 558 557)
4(557 558 634 633)
4(633 634 710 709)
4(709 710 786 785)
4(26 27 483 482)
4(482 483 559 558)
4(558 559 635 634)
4(634 635 711 710)
4(710 711 787 786)
4(27 28 484 483)
4(483 484 560 559)
4(559 560 636 635)
4(635 636 712 711)
4(711 712 788 787)
4(28 29 485 484)
4(484 485 561 560)
4(560 561 637 636)
4(636 637 713 712)
4(712 713 789 788)
4(29 30 486 485)
4(485 486 562 561)
4(561 562 638 637)
4(637 638 714 713)
4(713 714 790 789)
4(30 31 487 486)
4(486 487 563 562)
4(562 563 639 638)
4(638 639 715 714)
4(714 715 791 790)
4(31 32 488 487)
4(487 488 564 563)
4(563 564 640 639)
4(639 640 716 715)
4(715 716 792 791)
4(32 33 489 488)
4(488 489 565 564)
4(564 565 641 640)
4(640 641 717 716)
4(716 717 793 792)
4(33 34 490 489)
4(489 490 566 565)
4(565 566 642 641)
4(641 642 718 717)
4(717 718 794 793)
4(34 35 491 490)
4(490 491 567 566)
4(566 567 643 642)
4(642 643 719 718)
4(718 719 795 794)
4(35 36 492 491)
4(491 492 568 567)
4(567 568 644 643)
4(643 644 720 719)
4(719 720 796 795)
4(36 37 493 492)
4(492 493 569 568)
4(568 569 645 644)
4(644 645 721 720)
4(720 721 797 796)
4(37 38 494 493)
4(493 494 570 569)
4(569 570 646 645)
4(645 646 722 721)
4(721 722 798 797)
4(38 39 495 494)
4(494 495 571 570)
4(570 571 647 646)
4(646 647 723 722)
4(722 723 799 798)
4(39 40 496 495)
4(495 496 572 571)
4(571 572 648 647)
4(647 648 724 723)
4(723 724 800 799)
4(40 41 497 496)
4(496 497 573 572)
4(572 573 649 648)
4(648 649 725 724)
4(724 725 801 800)
4(41 42 498 497)
4(497 498 574 573)
4(573 574 650 649)
4(649 650 726 725)
4(725 726 802 801)
4(42 43 499 498)
4(498 499 575 574)
4(574 575 651 650)
4(650 651 727 726)
4(726 727 803 802)
4(43 44 500 499)
4(499 500 576 575)
4(575 576 652 651)
4(651 652 728 727)
4(727 728 804 803)
4(44 45 501 500)
4(500 501 577 576)
4(576 577 653 652)
4(652 653 729 728)
4(728 729 805 804)
4(45 46 502 501)
4(501 502 578 577)
4(577 578 654 653)
4(653 654 730 729)
4(729 730 806 805)
4(46 47 503 502)
4(502 503 579 578)
4(578 579 655 654)
4(654 655 731 730)
4(730 731 807 806)
4(47 48 504 503)
4(503 504 580 579)
4(579 580 656 655)
4(655 656 732 731)
4(731 732 808 807)
4(48 49 505 504)
4(504 505 581 580)
4(580 581 657 656)
4(656 657 733 732)
4(732 733 809 808)
4(49 50 506 505)
4(505 506 582 581)
4(581 582 658 657)
4(657 658 734 733)
4(733 734 810 809)
4(50 51 507 506)
4(506 507 583 582)
4(582 583 659 658)
4(658 659 735 734)
4(734 735 811 810)
4(51 52 508 507)
4(507 508 584 583)
4(583 584 660 659)
4(659 660 736 735)
4(735 736 812 811)
4(52 53 509 508)
4(508 509 585 584)
4(584 585 661 660)
4(660 661 737 736)
4(736 737 813 812)
4(53 54 510 509)
4(509 510 586 585)
4(585 586 662 661)
4(661 662 738 737)
4(737 738 814 813)
4(54 55 511 510)
4(510 511 587 586)
4(586 587 663 662)
4(662 663 739 738)
4(738 739 815 814)
4(55 56 512 511)
4(511 512 588 587)
4(587 588 664 663)
4(663 664 740 739)
4(739 740 816 815)
4(56 57 513 512)
4(512 513 589 588)
4(588 589 665 664)
4(664 665 741 740)
4(740 741 817 816)
4(57 58 514 513)
4(513 514 590 589)
4(589 590 666 665)
4(665 666 742 741)
4(741 742 818 817)
4(58 59 515 514)
4(514 515 591 590)
4(590 591 667 666)
4(666 667 743 742)
4(742 743 819 818)
4(59 60 516 515)
4(515 516 592 591)
4(591 592 668 667)
4(667 668 744 743)
4(743 744 820 819)
4(60 61 517 516)
4(516 517 593 592)
4(592 593 669 668)
4(668 669 745 744)
4(744 745 821 820)
4(61 62 518 517)
4(517 518 594 593)
4(593 594 670 669)
4(669 670 746 745)
4(745 746 822 821)
4(62 63 519 518)
4(518 519 595 594)
4(594 595 671 670)
4(670 671 747 746)
4(746 747 823 822)
4(63 64 520 519)
4(519 520 596 595)
4(595 596 672 671)
4(671 672 748 747)
4(747 748 824 823)
4(64 65 521 520)
4(520 521 597 596)
4(596 597 673 672)
4(672 673 749 748)
4(748 749 825 824)
4(65 66 522 521)
4(521 522 598 597)
4(597 598 674 673)
4(673 674 750 749)
4(749 750 826 825)
4(66 67 523 522)
4(522 523 599 598)
4(598 599 675 674)
4(674 675 751 750)
4(750 751 827 826)
4(67 68 524 523)
4(523 524 600 599)
4(599 600 676 675)
4(675 676 752 751)
4(751 752 828 827)
4(68 69 525 524)
4(524 525 601 600)
4(600 601 677 676)
4(676 677 753 752)
4(752 753 829 828)
4(69 70 526 525)
4(525 526 602 601)
4(601 602 678 677)
4(677 678 754 753)
4(753 754 830 829)
4(70 71 527 526)
4(526 527 603 602)
4(602 603 679 678)
4(678 679 755 754)
4(754 755 831 830)
4(71 72 528 527)
4(527 528 604 603)
4(603 604 680 679)
4(679 680 756 755)
4(755 756 832 831)
4(72 73 529 528)
4(528 529 605 604)
4(604 605 681 680)
4(680 681 757 756)
4(756 757 833 832)
4(73 74 530 529)
4(529 530 606 605)
4(605 606 682 681)
4(681 682 758 757)
4(757 758 834 833)
4(74 75 531 530)
4(530 531 607 606)
4(606 607 683 682)
4(682 683 759 758)
4(758 759 835 834)
4(75 836 1196 531)
4(531 1196 1256 607)
4(607 1256 1316 683)
4(683 1316 1376 759)
4(759 1376 1436 835)
4(836 837 1197 1196)
4(1196 1197 1257 1256)
4(1256 1257 1317 1316)
4(1316 1317 1377 1376)
4(1376 1377 1437 1436)
4(837 838 1198 1197)
4(1197 1198 1258 1257)
4(1257 1258 1318 1317)
4(1317 1318 1378 1377)
4(1377 1378 1438 1437)
4(838 839 1199 1198)
4(1198 1199 1259 1258)
4(1258 1259 1319 1318)
4(1318 1319 1379 1378)
4(1378 1379 1439 1438)
4(839 840 1200 1199)
4(1199 1200 1260 1259)
4(1259 1260 1320 1319)
4(1319 1320 1380 1379)
4(1379 1380 1440 1439)
4(840 841 1201 1200)
4(1200 1201 1261 1260)
4(1260 1261 1321 1320)
4(1320 1321 1381 1380)
4(1380 1381 1441 1440)
4(841 842 1202 1201)
4(1201 1202 1262 1261)
4(1261 1262 1322 1321)
4(1321 1322 1382 1381)
4(1381 1382 1442 1441)
4(842 843 1203 1202)
4(1202 1203 1263 1262)
4(1262 1263 1323 1322)
4(1322 1323 1383 1382)
4(1382 1383 1443 1442)
4(843 844 1204 1203)
4(1203 1204 1264 1263)
4(1263 1264 1324 1323)
4(1323 1324 1384 1383)
4(1383 1384 1444 1443)
4(844 845 1205 1204)
4(1204 1205 1265 1264)
4(1264 1265 1325 1324)
4(1324 1325 1385 1384)
4(1384 1385 1445 1444)
4(845 846 1206 1205)
4(1205 1206 1266 1265)
4(1265 1266 1326 1325)
4(1325 1326 1386 1385)
4(1385 1386 1446 1445)
4(846 847 1207 1206)
4(1206 1207 1267 1266)
4(1266 1267 1327 1326)
4(1326 1327 1387 1386)
4(1386 1387 1447 1446)
4(847 848 1208 1207)
4(1207 1208 1268 1267)
4(1267 1268 1328 1327)
4(1327 1328 1388 1387)
4(1387 1388 1448 1447)
4(848 849 1209 1208)
4(1208 1209 1269 1268)
4(1268 1269 1329 1328)
4(1328 1329 1389 1388)
4(1388 1389 1449 1448)
4(849 850 1210 1209)
4(1209 1210 1270 1269)
4(1269 1270 1330 1329)
4(1329 1330 1390 1389)
4(1389 1390 1450 1449)
4(850 851 1211 1210)
4(1210 1211 1271 1270)
4(1270 1271 1331 1330)
4(1330 1331 1391 1390)
4(1390 1391 1451 1450)
4(851 852 1212 1211)
4(1211 1212 1272 1271)
4(1271 1272 1332 1331)
4(1331 1332 1392 1391)
4(1391 1392 1452 1451)
4(852 853 1213 1212)
4(1212 1213 1273 1272)
4(1272 1273 1333 1332)
4(1332 1333 1393 1392)
4(1392 1393 1453 1452)
4(853 854 1214 1213)
4(1213 1214 1274 1273)
4(1273 1274 1334 1333)
4(1333 1334 1394 1393)
4(1393 1394 1454 1453)
4(854 855 1215 1214)
4(1214 1215 1275 1274)
4(1274 1275 1335 1334)
4(1334 1335 1395 1394)
4(1394 1395 1455 1454)
4(855 856 1216 1215)
4(1215 1216 1276 1275)
4(1275 1276 1336 1335)
4(1335 1336 1396 1395)
4(1395 1396 1456 1455)
4(856 857 1217 1216)
4(1216 1217 1277 1276)
4(1276 1277 1337 1336)
4(1336 1337 1397 1396)
4(1396 1397 1457 1456)
4(857 858 1218 1217)
4(1217 1218 1278 1277)
4(1277 1278 1338 1337)
4(1337 1338 1398 1397)
4(1397 1398 1458 1457)
4(858 859 1219 1218)
4(1218 1219 1279 1278)
4(1278 1279 1339 1338)
4(1338 1339 1399 1398)
4(1398 1399 1459 1458)
4(859 860 1220 1219)
4(1219 1220 1280 1279)
4(1279 1280 1340 1339)
4(1339 1340 1400 1399)
4(1399 1400 1460 1459)
4(860 861 1221 1220)
4(1220 1221 1281 1280)
4(1280 1281 1341 1340)
4(1340 1341 1401 1400)
4(1400 1401 1461 1460)
4(861 862 1222 1221)
4(1221 1222 1282 1281)
4(1281 1282 1342 1341)
4(1341 1342 1402 1401)
4(1401 1402 1462 1461)
4(862 863 1223 1222)
4(1222 1223 1283 1282)
4(1282 1283 1343 1342)
4(1342 1343 1403 1402)
4(1402 1403 1463 1462)
4(863 864 1224 1223)
4(1223 1224 1284 1283)
4(1283 1284 1344 1343)
4(1343 1344 1404 1403)
4(1403 1404 1464 1463)
4(864 865 1225 1224)
4(1224 1225 1285 1284)
4(1284 1285 1345 1344)
4(1344 1345 1405 1404)
4(1404 1405 1465 1464)
4(865 866 1226 1225)
4(1225 1226 1286 1285)
4(1285 1286 1346 1345)
4(1345 1346 1406 1405)
4(1405 1406 1466 1465)
4(866 867 1227 1226)
4(1226 1227 1287 1286)
4(1286 1287 1347 1346)
4(1346 1347 1407 1406)
4(1406 1407 1467 1466)
4(867 868 1228 1227)
4(1227 1228 1288 1287)
4(1287 1288 1348 1347)
4(1347 1348 1408 1407)
4(1407 1408 1468 1467)
4(868 869 1229 1228)
4(1228 1229 1289 1288)
4(1288 1289 1349 1348)
4(1348 1349 1409 1408)
4(1408 1409 1469 1468)
4(869 870 1230 1229)
4(1229 1230 1290 1289)
4(1289 1290 1350 1349)
4(1349 1350 1410 1409)
4(1409 1410 1470 1469)
4(870 871 1231 1230)
4(1230 1231 1291 1290)
4(1290 1291 1351 1350)
4(1350 1351 1411 1410)
4(1410 1411 1471 1470)
4(871 872 1232 1231)
4(1231 1232 1292 1291)
4(1291 1292 1352 1351)
4(1351 1352 1412 1411)
4(1411 1412 1472 1471)
4(872 873 1233 1232)
4(1232 1233 1293 1292)
4(1292 1293 1353 1352)
4(1352 1353 1413 1412)
4(1412 1413 1473 1472)
4(873 874 1234 1233)
4(1233 1234 1294 1293)
4(1293 1294 1354 1353)
4(1353 1354 1414 1413)
4(1413 1414 1474 1473)
4(874 875 1235 1234)
4(1234 1235 1295 1294)
4(1294 1295 1355 1354)
4(1354 1355 1415 1414)
4(1414 1415 1475 1474)
4(875 876 1236 1235)
4(1235 1236 1296 1295)
4(1295 1296 1356 1355)
4(1355 1356 1416 1415)
4(1415 1416 1476 1475)
4(876 877 1237 1236)
4(1236 1237 1297 1296)
4(1296 1297 1357 1356)
4(1356 1357 1417 1416)
4(1416 1417 1477 1476)
4(877 878 1238 1237)
4(1237 1238 1298 1297)
4(1297 1298 1358 1357)
4(1357 1358 1418 1417)
4(1417 1418 1478 1477)
4(878 879 1239 1238)
4(1238 1239 1299 1298)
4(1298 1299 1359 1358)
4(1358 1359 1419 1418)
4(1418 1419 1479 1478)
4(879 880 1240 1239)
4(1239 1240 1300 1299)
4(1299 1300 1360 1359)
4(1359 1360 1420 1419)
4(1419 1420 1480 1479)
4(880 881 1241 1240)
4(1240 1241 1301 1300)
4(1300 1301 1361 1360)
4(1360 1361 1421 1420)
4(1420 1421 1481 1480)
4(881 882 1242 1241)
4(1241 1242 1302 1301)
4(1301 1302 1362 1361)
4(1361 1362 1422 1421)
4(1421 1422 1482 1481)
4(882 883 1243 1242)
4(1242 1243 1303 1302)
4(1302 1303 1363 1362)
4(1362 1363 1423 1422)
4(1422 1423 1483 1482)
4(883 884 1244 1243)
4(1243 1244 1304 1303)
4(1303 1304 1364 1363)
4(1363 1364 1424 1423)
4(1423 1424 1484 1483)
4(884 885 1245 1244)
4(1244 1245 1305 1304)
4(1304 1305 1365 1364)
4(1364 1365 1425 1424)
4(1424 1425 1485 1484)
4(885 886 1246 1245)
4(1245 1246 1306 1305)
4(1305 1306 1366 1365)
4(1365 1366 1426 1425)
4(1425 1426 1486 1485)
4(886 887 1247 1246)
4(1246 1247 1307 1306)
4(1306 1307 1367 1366)
4(1366 1367 1427 1426)
4(1426 1427 1487 1486)
4(887 888 1248 1247)
4(1247 1248 1308 1307)
4(1307 1308 1368 1367)
4(1367 1368 1428 1427)
4(1427 1428 1488 1487)
4(888 889 1249 1248)
4(1248 1249 1309 1308)
4(1308 1309 1369 1368)
4(1368 1369 1429 1428)
4(1428 1429 1489 1488)
4(889 890 1250 1249)
4(1249 1250 1310 1309)
4(1309 1310 1370 1369)
4(1369 1370 1430 1429)
4(1429 1430 1490 1489)
4(890 891 1251 1250)
4(1250 1251 1311 1310)
4(1310 1311 1371 1370)
4(1370 1371 1431 1430)
4(1430 1431 1491 1490)
4(891 892 1252 1251)
4(1251 1252 1312 1311)
4(1311 1312 1372 1371)
4(1371 1372 1432 1431)
4(1431 1432 1492 1491)
4(892 893 1253 1252)
4(1252 1253 1313 1312)
4(1312 1313 1373 1372)
4(1372 1373 1433 1432)
4(1432 1433 1493 1492)
4(893 894 1254 1253)
4(1253 1254 1314 1313)
4(1313 1314 1374 1373)
4(1373 1374 1434 1433)
4(1433 1434 1494 1493)
4(894 895 1255 1254)
4(1254 1255 1315 1314)
4(1314 1315 1375 1374)
4(1374 1375 1435 1434)
4(1434 1435 1495 1494)
4(895 1496 1946 1255)
4(1255 1946 2021 1315)
4(1315 2021 2096 1375)
4(1375 2096 2171 1435)
4(1435 2171 2246 1495)
4(1496 1497 1947 1946)
4(1946 1947 2022 2021)
4(2021 2022 2097 2096)
4(2096 2097 2172 2171)
4(2171 2172 2247 2246)
4(1497 1498 1948 1947)
4(1947 1948 2023 2022)
4(2022 2023 2098 2097)
4(2097 2098 2173 2172)
4(2172 2173 2248 2247)
4(1498 1499 1949 1948)
4(1948 1949 2024 2023)
4(2023 2024 2099 2098)
4(2098 2099 2174 2173)
4(2173 2174 2249 2248)
4(1499 1500 1950 1949)
4(1949 1950 2025 2024)
4(2024 2025 2100 2099)
4(2099 2100 2175 2174)
4(2174 2175 2250 2249)
4(1500 1501 1951 1950)
4(1950 1951 2026 2025)
4(2025 2026 2101 2100)
4(2100 2101 2176 2175)
4(2175 2176 2251 2250)
4(1501 1502 1952 1951)
4(1951 1952 2027 2026)
4(2026 2027 2102 2101)
4(2101 2102 2177 2176)
4(2176 2177 2252 2251)
4(1502 1503 1953 1952)
4(1952 1953 2028 2027)
4(2027 2028 2103 2102)
4(2102 2103 2178 2177)
4(2177 2178 2253 2252)
4(1503 1504 1954 1953)
4(1953 1954 2029 2028)
4(2028 2029 2104 2103)
4(2103 2104 2179 2178)
4(2178 2179 2254 2253)
4(1504 1505 1955 1954)
4(1954 1955 2030 2029)
4(2029 2030 2105 2104)
4(2104 2105 2180 2179)
4(2179 2180 2255 2254)
4(1505 1506 1956 1955)
4(1955 1956 2031 2030)
4(2030 2031 2106 2105)
4(2105 2106 2181 2180)
4(2180 2181 2256 2255)
4(1506 1507 1957 1956)
4(1956 1957 2032 2031)
4(2031 2032 2107 2106)
4(2106 2107 2182 2181)
4(2181 2182 2257 2256)
4(1507 1508 1958 1957)
4(1957 1958 2033 2032)
4(2032 2033 2108 2107)
4(2107 2108 2183 2182)
4(2182 2183 2258 2257)
4(1508 1509 1959 1958)
4(1958 1959 2034 2033)
4(2033 2034 2109 2108)
4(2108 2109 2184 2183)
4(2183 2184 2259 2258)
4(1509 1510 1960 1959)
4(1959 1960 2035 2034)
4(2034 2035 2110 2109)
4(2109 2110 2185 2184)
4(2184 2185 2260 2259)
4(1510 1511 1961 1960)
4(1960 1961 2036 2035)
4(2035 2036 2111 2110)
4(2110 2111 2186 2185)
4(2185 2186 2261 2260)
4(1511 1512 1962 1961)
4(1961 1962 2037 2036)
4(2036 2037 2112 2111)
4(2111 2112 2187 2186)
4(2186 2187 2262 2261)
4(1512 1513 1963 1962)
4(1962 1963 2038 2037)
4(2037 2038 2113 2112)
4(2112 2113 2188 2187)
4(2187 2188 2263 2262)
4(1513 1514 1964 1963)
4(1963 1964 2039 2038)
4(2038 2039 2114 2113)
4(2113 2114 2189 2188)
4(2188 2189 2264 2263)
4(1514 1515 1965 1964)
4(1964 1965 2040 2039)
4(2039 2040 2115 2114)
4(2114 2115 2190 2189)
4(2189 2190 2265 2264)
4(1515 1516 1966 1965)
4(1965 1966 2041 2040)
4(2040 2041 2116 2115)
4(2115 2116 2191 2190)
4(2190 2191 2266 2265)
4(1516 1517 1967 1966)
4(1966 1967 2042 2041)
4(2041 2042 2117 2116)
4(2116 2117 2192 2191)
4(2191 2192 2267 2266)
4(1517 1518 1968 1967)
4(1967 1968 2043 2042)
4(2042 2043 2118 2117)
4(2117 2118 2193 2192)
4(2192 2193 2268 2267)
4(1518 1519 1969 1968)
4(1968 1969 2044 2043)
4(2043 2044 2119 2118)
4(2118 2119 2194 2193)
4(2193 2194 2269 2268)
4(1519 1520 1970 1969)
4(1969 1970 2045 2044)
4(2044 2045 2120 2119)
4(2119 2120 2195 2194)
4(2194 2195 2270 2269)
4(1520 1521 1971 1970)
4(1970 1971 2046 2045)
4(2045 2046 2121 2120)
4(2120 2121 2196 2195)
4(2195 2196 2271 2270)
4(1521 1522 1972 1971)
4(1971 1972 2047 2046)
4(2046 2047 2122 2121)
4(2121 2122 2197 2196)
4(2196 2197 2272 2271)
4(1522 1523 1973 1972)
4(1972 1973 2048 2047)
4(2047 2048 2123 2122)
4(2122 2123 2198 2197)
4(2197 2198 2273 2272)
4(1523 1524 1974 1973)
4(1973 1974 2049 2048)
4(2048 2049 2124 2123)
4(2123 2124 2199 2198)
4(2198 2199 2274 2273)
4(1524 1525 1975 1974)
4(1974 1975 2050 2049)
4(2049 2050 2125 2124)
4(2124 2125 2200 2199)
4(2199 2200 2275 2274)
4(1525 1526 1976 1975)
4(1975 1976 2051 2050)
4(2050 2051 2126 2125)
4(2125 2126 2201 2200)
4(2200 2201 2276 2275)
4(1526 1527 1977 1976)
4(1976 1977 2052 2051)
4(2051 2052 2127 2126)
4(2126 2127 2202 2201)
4(2201 2202 2277 2276)
4(1527 1528 1978 1977)
4(1977 1978 2053 2052)
4(2052 2053 2128 2127)
4(2127 2128 2203 2202)
4(2202 2203 2278 2277)
4(1528 1529 1979 1978)
4(1978 1979 2054 2053)
4(2053 2054 2129 2128)
4(2128 2129 2204 2203)
4(2203 2204 2279 2278)
4(1529 1530 1980 1979)
4(1979 1980 2055 2054)
4(2054 2055 2130 2129)
4(2129 2130 2205 2204)
4(2204 2205 2280 2279)
4(1530 1531 1981 1980)
4(1980 1981 2056 2055)
4(2055 2056 2131 2130)
4(2130 2131 2206 2205)
4(2205 2206 2281 2280)
4(1531 1532 1982 1981)
4(1981 1982 2057 2056)
4(2056 2057 2132 2131)
4(2131 2132 2207 2206)
4(2206 2207 2282 2281)
4(1532 1533 1983 1982)
4(1982 1983 2058 2057)
4(2057 2058 2133 2132)
4(2132 2133 2208 2207)
4(2207 2208 2283 2282)
4(1533 1534 1984 1983)
4(1983 1984 2059 2058)
4(2058 2059 2134 2133)
4(2133 2134 2209 2208)
4(2208 2209 2284 2283)
4(1534 1535 1985 1984)
4(1984 1985 2060 2059)
4(2059 2060 2135 2134)
4(2134 2135 2210 2209)
4(2209 2210 2285 2284)
4(1535 1536 1986 1985)
4(1985 1986 2061 2060)
4(2060 2061 2136 2135)
4(2135 2136 2211 2210)
4(2210 2211 2286 2285)
4(1536 1537 1987 1986)
4(1986 1987 2062 2061)
4(2061 2062 2137 2136)
4(2136 2137 2212 2211)
4(2211 2212 2287 2286)
4(1537 1538 1988 1987)
4(1987 1988 2063 2062)
4(2062 2063 2138 2137)
4(2137 2138 2213 2212)
4(2212 2213 2288 2287)
4(1538 1539 1989 1988)
4(1988 1989 2064 2063)
4(2063 2064 2139 2138)
4(2138 2139 2214 2213)
4(2213 2214 2289 2288)
4(1539 1540 1990 1989)
4(1989 1990 2065 2064)
4(2064 2065 2140 2139)
4(2139 2140 2215 2214)
4(2214 2215 2290 2289)
4(1540 1541 1991 1990)
4(1990 1991 2066 2065)
4(2065 2066 2141 2140)
4(2140 2141 2216 2215)
4(2215 2216 2291 2290)
4(1541 1542 1992 1991)
4(1991 1992 2067 2066)
4(2066 2067 2142 2141)
4(2141 2142 2217 2216)
4(2216 2217 2292 2291)
4(1542 1543 1993 1992)
4(1992 1993 2068 2067)
4(2067 2068 2143 2142)
4(2142 2143 2218 2217)
4(2217 2218 2293 2292)
4(1543 1544 1994 1993)
4(1993 1994 2069 2068)
4(2068 2069 2144 2143)
4(2143 2144 2219 2218)
4(2218 2219 2294 2293)
4(1544 1545 1995 1994)
4(1994 1995 2070 2069)
4(2069 2070 2145 2144)
4(2144 2145 2220 2219)
4(2219 2220 2295 2294)
4(1545 1546 1996 1995)
4(1995 1996 2071 2070)
4(2070 2071 2146 2145)
4(2145 2146 2221 2220)
4(2220 2221 2296 2295)
4(1546 1547 1997 1996)
4(1996 1997 2072 2071)
4(2071 2072 2147 2146)
4(2146 2147 2222 2221)
4(2221 2222 2297 2296)
4(1547 1548 1998 1997)
4(1997 1998 2073 2072)
4(2072 2073 2148 2147)
4(2147 2148 2223 2222)
4(2222 2223 2298 2297)
4(1548 1549 1999 1998)
4(1998 1999 2074 2073)
4(2073 2074 2149 2148)
4(2148 2149 2224 2223)
4(2223 2224 2299 2298)
4(1549 1550 2000 1999)
4(1999 2000 2075 2074)
4(2074 2075 2150 2149)
4(2149 2150 2225 2224)
4(2224 2225 2300 2299)
4(1550 1551 2001 2000)
4(2000 2001 2076 2075)
4(2075 2076 2151 2150)
4(2150 2151 2226 2225)
4(2225 2226 2301 2300)
4(1551 1552 2002 2001)
4(2001 2002 2077 2076)
4(2076 2077 2152 2151)
4(2151 2152 2227 2226)
4(2226 2227 2302 2301)
4(1552 1553 2003 2002)
4(2002 2003 2078 2077)
4(2077 2078 2153 2152)
4(2152 2153 2228 2227)
4(2227 2228 2303 2302)
4(1553 1554 2004 2003)
4(2003 2004 2079 2078)
4(2078 2079 2154 2153)
4(2153 2154 2229 2228)
4(2228 2229 2304 2303)
4(1554 1555 2005 2004)
4(2004 2005 2080 2079)
4(2079 2080 2155 2154)
4(2154 2155 2230 2229)
4(2229 2230 2305 2304)
4(1555 1556 2006 2005)
4(2005 2006 2081 2080)
4(2080 2081 2156 2155)
4(2155 2156 2231 2230)
4(2230 2231 2306 2305)
4(1556 1557 2007 2006)
4(2006 2007 2082 2081)
4(2081 2082 2157 2156)
4(2156 2157 2232 2231)
4(2231 2232 2307 2306)
4(1557 1558 2008 2007)
4(2007 2008 2083 2082)
4(2082 2083 2158 2157)
4(2157 2158 2233 2232)
4(2232 2233 2308 2307)
4(1558 1559 2009 2008)
4(2008 2009 2084 2083)
4(2083 2084 2159 2158)
4(2158 2159 2234 2233)
4(2233 2234 2309 2308)
4(1559 1560 2010 2009)
4(2009 2010 2085 2084)
4(2084 2085 2160 2159)
4(2159 2160 2235 2234)
4(2234 2235 2310 2309)
4(1560 1561 2011 2010)
4(2010 2011 2086 2085)
4(2085 2086 2161 2160)
4(2160 2161 2236 2235)
4(2235 2236 2311 2310)
4(1561 1562 2012 2011)
4(2011 2012 2087 2086)
4(2086 2087 2162 2161)
4(2161 2162 2237 2236)
4(2236 2237 2312 2311)
4(1562 1563 2013 2012)
4(2012 2013 2088 2087)
4(2087 2088 2163 2162)
4(2162 2163 2238 2237)
4(2237 2238 2313 2312)
4(1563 1564 2014 2013)
4(2013 2014 2089 2088)
4(2088 2089 2164 2163)
4(2163 2164 2239 2238)
4(2238 2239 2314 2313)
4(1564 1565 2015 2014)
4(2014 2015 2090 2089)
4(2089 2090 2165 2164)
4(2164 2165 2240 2239)
4(2239 2240 2315 2314)
4(1565 1566 2016 2015)
4(2015 2016 2091 2090)
4(2090 2091 2166 2165)
4(2165 2166 2241 2240)
4(2240 2241 2316 2315)
4(1566 1567 2017 2016)
4(2016 2017 2092 2091)
4(2091 2092 2167 2166)
4(2166 2167 2242 2241)
4(2241 2242 2317 2316)
4(1567 1568 2018 2017)
4(2017 2018 2093 2092)
4(2092 2093 2168 2167)
4(2167 2168 2243 2242)
4(2242 2243 2318 2317)
4(1568 1569 2019 2018)
4(2018 2019 2094 2093)
4(2093 2094 2169 2168)
4(2168 2169 2244 2243)
4(2243 2244 2319 2318)
4(1569 1570 2020 2019)
4(2019 2020 2095 2094)
4(2094 2095 2170 2169)
4(2169 2170 2245 2244)
4(2244 2245 2320 2319)
4(835 1436 2627 2626)
4(2626 2627 2688 2687)
4(2687 2688 2749 2748)
4(2748 2749 2810 2809)
4(2809 2810 2871 2870)
4(1436 1437 2628 2627)
4(2627 2628 2689 2688)
4(2688 2689 2750 2749)
4(2749 2750 2811 2810)
4(2810 2811 2872 2871)
4(1437 1438 2629 2628)
4(2628 2629 2690 2689)
4(2689 2690 2751 2750)
4(2750 2751 2812 2811)
4(2811 2812 2873 2872)
4(1438 1439 2630 2629)
4(2629 2630 2691 2690)
4(2690 2691 2752 2751)
4(2751 2752 2813 2812)
4(2812 2813 2874 2873)
4(1439 1440 2631 2630)
4(2630 2631 2692 2691)
4(2691 2692 2753 2752)
4(2752 2753 2814 2813)
4(2813 2814 2875 2874)
4(1440 1441 2632 2631)
4(2631 2632 2693 2692)
4(2692 2693 2754 2753)
4(2753 2754 2815 2814)
4(2814 2815 2876 2875)
4(1441 1442 2633 2632)
4(2632 2633 2694 2693)
4(2693 2694 2755 2754)
4(2754 2755 2816 2815)
4(2815 2816 2877 2876)
4(1442 1443 2634 2633)
4(2633 2634 2695 2694)
4(2694 2695 2756 2755)
4(2755 2756 2817 2816)
4(2816 2817 2878 2877)
4(1443 1444 2635 2634)
4(2634 2635 2696 2695)
4(2695 2696 2757 2756)
4(2756 2757 2818 2817)
4(2817 2818 2879 2878)
4(1444 1445 2636 2635)
4(2635 2636 2697 2696)
4(2696 2697 2758 2757)
4(2757 2758 2819 2818)
4(2818 2819 2880 2879)
4(1445 1446 2637 2636)
4(2636 2637 2698 2697)
4(2697 2698 2759 2758)
4(2758 2759 2820 2819)
4(2819 2820 2881 2880)
4(1446 1447 2638 2637)
4(2637 2638 2699 2698)
4(2698 2699 2760 2759)
4(2759 2760 2821 2820)
4(2820 2821 2882 2881)
4(1447 1448 2639 2638)
4(2638 2639 2700 2699)
4(2699 2700 2761 2760)
4(2760 2761 2822 2821)
4(2821 2822 2883 2882)
4(1448 1449 2640 2639)
4(2639 2640 2701 2700)
4(2700 2701 2762 2761)
4(2761 2762 2823 2822)
4(2822 2823 2884 2883)
4(1449 1450 2641 2640)
4(2640 2641 2702 2701)
4(2701 2702 2763 2762)
4(2762 2763 2824 2823)
4(2823 2824 2885 2884)
4(1450 1451 2642 2641)
4(2641 2642 2703 2702)
4(2702 2703 2764 2763)
4(2763 2764 2825 2824)
4(2824 2825 2886 2885)
4(1451 1452 2643 2642)
4(2642 2643 2704 2703)
4(2703 2704 2765 2764)
4(2764 2765 2826 2825)
4(2825 2826 2887 2886)
4(1452 1453 2644 2643)
4(2643 2644 2705 2704)
4(2704 2705 2766 2765)
4(2765 2766 2827 2826)
4(2826 2827 2888 2887)
4(1453 1454 2645 2644)
4(2644 2645 2706 2705)
4(2705 2706 2767 2766)
4(2766 2767 2828 2827)
4(2827 2828 2889 2888)
4(1454 1455 2646 2645)
4(2645 2646 2707 2706)
4(2706 2707 2768 2767)
4(2767 2768 2829 2828)
4(2828 2829 2890 2889)
4(1455 1456 2647 2646)
4(2646 2647 2708 2707)
4(2707 2708 2769 2768)
4(2768 2769 2830 2829)
4(2829 2830 2891 2890)
4(1456 1457 2648 2647)
4(2647 2648 2709 2708)
4(2708 2709 2770 2769)
4(2769 2770 2831 2830)
4(2830 2831 2892 2891)
4(1457 1458 2649 2648)
4(2648 2649 2710 2709)
4(2709 2710 2771 2770)
4(2770 2771 2832 2831)
4(2831 2832 2893 2892)
4(1458 1459 2650 2649)
4(2649 2650 2711 2710)
4(2710 2711 2772 2771)
4(2771 2772 2833 2832)
4(2832 2833 2894 2893)
4(1459 1460 2651 2650)
4(2650 2651 2712 2711)
4(2711 2712 2773 2772)
4(2772 2773 2834 2833)
4(2833 2834 2895 2894)
4(1460 1461 2652 2651)
4(2651 2652 2713 2712)
4(2712 2713 2774 2773)
4(2773 2774 2835 2834)
4(2834 2835 2896 2895)
4(1461 1462 2653 2652)
4(2652 2653 2714 2713)
4(2713 2714 2775 2774)
4(2774 2775 2836 2835)
4(2835 2836 2897 2896)
4(1462 1463 2654 2653)
4(2653 2654 2715 2714)
4(2714 2715 2776 2775)
4(2775 2776 2837 2836)
4(2836 2837 2898 2897)
4(1463 1464 2655 2654)
4(2654 2655 2716 2715)
4(2715 2716 2777 2776)
4(2776 2777 2838 2837)
4(2837 2838 2899 2898)
4(1464 1465 2656 2655)
4(2655 2656 2717 2716)
4(2716 2717 2778 2777)
4(2777 2778 2839 2838)
4(2838 2839 2900 2899)
4(1465 1466 2657 2656)
4(2656 2657 2718 2717)
4(2717 2718 2779 2778)
4(2778 2779 2840 2839)
4(2839 2840 2901 2900)
4(1466 1467 2658 2657)
4(2657 2658 2719 2718)
4(2718 2719 2780 2779)
4(2779 2780 2841 2840)
4(2840 2841 2902 2901)
4(1467 1468 2659 2658)
4(2658 2659 2720 2719)
4(2719 2720 2781 2780)
4(2780 2781 2842 2841)
4(2841 2842 2903 2902)
4(1468 1469 2660 2659)
4(2659 2660 2721 2720)
4(2720 2721 2782 2781)
4(2781 2782 2843 2842)
4(2842 2843 2904 2903)
4(1469 1470 2661 2660)
4(2660 2661 2722 2721)
4(2721 2722 2783 2782)
4(2782 2783 2844 2843)
4(2843 2844 2905 2904)
4(1470 1471 2662 2661)
4(2661 2662 2723 2722)
4(2722 2723 2784 2783)
4(2783 2784 2845 2844)
4(2844 2845 2906 2905)
4(1471 1472 2663 2662)
4(2662 2663 2724 2723)
4(2723 2724 2785 2784)
4(2784 2785 2846 2845)
4(2845 2846 2907 2906)
4(1472 1473 2664 2663)
4(2663 2664 2725 2724)
4(2724 2725 2786 2785)
4(2785 2786 2847 2846)
4(2846 2847 2908 2907)
4(1473 1474 2665 2664)
4(2664 2665 2726 2725)
4(2725 2726 2787 2786)
4(2786 2787 2848 2847)
4(2847 2848 2909 2908)
4(1474 1475 2666 2665)
4(2665 2666 2727 2726)
4(2726 2727 2788 2787)
4(2787 2788 2849 2848)
4(2848 2849 2910 2909)
4(1475 1476 2667 2666)
4(2666 2667 2728 2727)
4(2727 2728 2789 2788)
4(2788 2789 2850 2849)
4(2849 2850 2911 2910)
4(1476 1477 2668 2667)
4(2667 2668 2729 2728)
4(2728 2729 2790 2789)
4(2789 2790 2851 2850)
4(2850 2851 2912 2911)
4(1477 1478 2669 2668)
4(2668 2669 2730 2729)
4(2729 2730 2791 2790)
4(2790 2791 2852 2851)
4(2851 2852 2913 2912)
4(1478 1479 2670 2669)
4(2669 2670 2731 2730)
4(2730 2731 2792 2791)
4(2791 2792 2853 2852)
4(2852 2853 2914 2913)
4(1479 1480 2671 2670)
4(2670 2671 2732 2731)
4(2731 2732 2793 2792)
4(2792 2793 2854 2853)
4(2853 2854 2915 2914)
4(1480 1481 2672 2671)
4(2671 2672 2733 2732)
4(2732 2733 2794 2793)
4(2793 2794 2855 2854)
4(2854 2855 2916 2915)
4(1481 1482 2673 2672)
4(2672 2673 2734 2733)
4(2733 2734 2795 2794)
4(2794 2795 2856 2855)
4(2855 2856 2917 2916)
4(1482 1483 2674 2673)
4(2673 2674 2735 2734)
4(2734 2735 2796 2795)
4(2795 2796 2857 2856)
4(2856 2857 2918 2917)
4(1483 1484 2675 2674)
4(2674 2675 2736 2735)
4(2735 2736 2797 2796)
4(2796 2797 2858 2857)
4(2857 2858 2919 2918)
4(1484 1485 2676 2675)
4(2675 2676 2737 2736)
4(2736 2737 2798 2797)
4(2797 2798 2859 2858)
4(2858 2859 2920 2919)
4(1485 1486 2677 2676)
4(2676 2677 2738 2737)
4(2737 2738 2799 2798)
4(2798 2799 2860 2859)
4(2859 2860 2921 2920)
4(1486 1487 2678 2677)
4(2677 2678 2739 2738)
4(2738 2739 2800 2799)
4(2799 2800 2861 2860)
4(2860 2861 2922 2921)
4(1487 1488 2679 2678)
4(2678 2679 2740 2739)
4(2739 2740 2801 2800)
4(2800 2801 2862 2861)
4(2861 2862 2923 2922)
4(1488 1489 2680 2679)
4(2679 2680 2741 2740)
4(2740 2741 2802 2801)
4(2801 2802 2863 2862)
4(2862 2863 2924 2923)
4(1489 1490 2681 2680)
4(2680 2681 2742 2741)
4(2741 2742 2803 2802)
4(2802 2803 2864 2863)
4(2863 2864 2925 2924)
4(1490 1491 2682 2681)
4(2681 2682 2743 2742)
4(2742 2743 2804 2803)
4(2803 2804 2865 2864)
4(2864 2865 2926 2925)
4(1491 1492 2683 2682)
4(2682 2683 2744 2743)
4(2743 2744 2805 2804)
4(2804 2805 2866 2865)
4(2865 2866 2927 2926)
4(1492 1493 2684 2683)
4(2683 2684 2745 2744)
4(2744 2745 2806 2805)
4(2805 2806 2867 2866)
4(2866 2867 2928 2927)
4(1493 1494 2685 2684)
4(2684 2685 2746 2745)
4(2745 2746 2807 2806)
4(2806 2807 2868 2867)
4(2867 2868 2929 2928)
4(1494 1495 2686 2685)
4(2685 2686 2747 2746)
4(2746 2747 2808 2807)
4(2807 2808 2869 2868)
4(2868 2869 2930 2929)
)


// ************************************************************************* //
